label,left_name,left_addr,left_city,left_phone,left_type,left_class,right_name,right_addr,right_city,right_phone,right_type,right_class,id
0,toulouse, b peachtree rd. ,atlanta,404/351 -9533,french,92, white house restaurant , 3172 peachtree rd. ne ,atlanta,404-237-7601,diners,719,92_184
0, luna si , 1931 peachtree rd. ,atlanta,404/355 -5993,continental,405, white house restaurant , 3172 peachtree rd. ne ,atlanta,404-237-7601,diners,719,405_184
0, dining rUom ritEzcarlton buchead , 3434 pacFtree rd. ,atlanta,404/237 -2700,international,90, white house restaurant , 3172 peachtree rd. ne ,atlanta,404-237-7601,diners,719,90_184
0, dante 's down the hatch buckhead , 3380 peachtree rd. ,atlanta,404/266 -1600,continental,393, white house restaurant , 3172 peachtree rd. ne ,atlanta,404-237-7601,diners,719,393_184
0,tomtom, 3393 peachtree rd. ,atlanta,404/264 -1163,continental,422, white house restaurant , 3172 peachtree rd. ne ,atlanta,404-237-7601,diners,719,422_184
0,toulouse, b peachtree rd. ,atlanta,404/351 -9533,french,92, original pancake house ( at ) , 4330 peachtree rd. ,atlanta,404-237-4116,american,708,92_174
0, luna si , 1931 peachtree rd. ,atlanta,404/355 -5993,continental,405, original pancake house ( at ) , 4330 peachtree rd. ,atlanta,404-237-4116,american,708,405_174
0, dining rUom ritEzcarlton buchead , 3434 pacFtree rd. ,atlanta,404/237 -2700,international,90, original pancake house ( at ) , 4330 peachtree rd. ,atlanta,404-237-4116,american,708,90_174
0,tomtom, 3393 peachtree rd. ,atlanta,404/264 -1163,continental,422, original pancake house ( at ) , 4330 peachtree rd. ,atlanta,404-237-4116,american,708,422_174
0,palUiades, 1829 aeFhtree rd. ,atlanta,404/350 -6755,continental,410, original pancake house ( at ) , 4330 peachtree rd. ,atlanta,404-237-4116,american,708,410_174
0,toulouse, b peachtree rd. ,atlanta,404/351 -9533,french,92,abruzzi, 2355 peachtree rd. ne ,atlanta,404-261-8186,italian,74,92_292
0, dining rUom ritEzcarlton buchead , 3434 pacFtree rd. ,atlanta,404/237 -2700,international,90,abruzzi, 2355 peachtree rd. ne ,atlanta,404-261-8186,italian,74,90_292
0, dante 's down the hatch buckhead , 3380 peachtree rd. ,atlanta,404/266 -1600,continental,393,abruzzi, 2355 peachtree rd. ne ,atlanta,404-261-8186,italian,74,393_292
0,palUiades, 1829 aeFhtree rd. ,atlanta,404/350 -6755,continental,410,abruzzi, 2355 peachtree rd. ne ,atlanta,404-261-8186,italian,74,410_292
0,toulouse, b peachtree rd. ,atlanta,404/351 -9533,french,92, ritz-carlton cafe ( buckhead ) , 3434 peachtree rd. ne ,atlanta,404-237-2700, american ( new ) ,89,92_307
0, luna si , 1931 peachtree rd. ,atlanta,404/355 -5993,continental,405, ritz-carlton cafe ( buckhead ) , 3434 peachtree rd. ne ,atlanta,404-237-2700, american ( new ) ,89,405_307
0, dining rUom ritEzcarlton buchead , 3434 pacFtree rd. ,atlanta,404/237 -2700,international,90, ritz-carlton cafe ( buckhead ) , 3434 peachtree rd. ne ,atlanta,404-237-2700, american ( new ) ,89,90_307
0, dante 's down the hatch buckhead , 3380 peachtree rd. ,atlanta,404/266 -1600,continental,393, ritz-carlton cafe ( buckhead ) , 3434 peachtree rd. ne ,atlanta,404-237-2700, american ( new ) ,89,393_307
0,tomtom, 3393 peachtree rd. ,atlanta,404/264 -1163,continental,422, ritz-carlton cafe ( buckhead ) , 3434 peachtree rd. ne ,atlanta,404-237-2700, american ( new ) ,89,422_307
1, cafe rit-zKaOrclton buckhead , 3434 paTechtree rd. ,atlanta,404/237 -2700, ext 6108 international ,89, ritz-carlton cafe ( buckhead ) , 3434 peachtree rd. ne ,atlanta,404-237-2700, american ( new ) ,89,89_307
0,palUiades, 1829 aeFhtree rd. ,atlanta,404/350 -6755,continental,410, ritz-carlton cafe ( buckhead ) , 3434 peachtree rd. ne ,atlanta,404-237-2700, american ( new ) ,89,410_307
1,toulouse, b peachtree rd. ,atlanta,404/351 -9533,french,92,toulouse, 293-b peachtree rd. ,atlanta,404-351-9533, french ( new ) ,92,92_310
0, luna si , 1931 peachtree rd. ,atlanta,404/355 -5993,continental,405,toulouse, 293-b peachtree rd. ,atlanta,404-351-9533, french ( new ) ,92,405_310
0,tomtom, 3393 peachtree rd. ,atlanta,404/264 -1163,continental,422,toulouse, 293-b peachtree rd. ,atlanta,404-351-9533, french ( new ) ,92,422_310
0, cafe rit-zKaOrclton buckhead , 3434 paTechtree rd. ,atlanta,404/237 -2700, ext 6108 international ,89,toulouse, 293-b peachtree rd. ,atlanta,404-351-9533, french ( new ) ,92,89_310
0,toulouse, b peachtree rd. ,atlanta,404/351 -9533,french,92, la grotta , 2637 peachtree rd. ne ,atlanta,404-231-1368,italian,85,92_303
0, luna si , 1931 peachtree rd. ,atlanta,404/355 -5993,continental,405, la grotta , 2637 peachtree rd. ne ,atlanta,404-231-1368,italian,85,405_303
0, dining rUom ritEzcarlton buchead , 3434 pacFtree rd. ,atlanta,404/237 -2700,international,90, la grotta , 2637 peachtree rd. ne ,atlanta,404-231-1368,italian,85,90_303
0, dante 's down the hatch buckhead , 3380 peachtree rd. ,atlanta,404/266 -1600,continental,393, la grotta , 2637 peachtree rd. ne ,atlanta,404-231-1368,italian,85,393_303
0,tomtom, 3393 peachtree rd. ,atlanta,404/264 -1163,continental,422, la grotta , 2637 peachtree rd. ne ,atlanta,404-231-1368,italian,85,422_303
1, la grotta , 2637 peachtree rd. . peachtree house condominium ,atlanta,404/231 -1368,italian,85, la grotta , 2637 peachtree rd. ne ,atlanta,404-231-1368,italian,85,85_303
0, cafe rit-zKaOrclton buckhead , 3434 paTechtree rd. ,atlanta,404/237 -2700, ext 6108 international ,89, la grotta , 2637 peachtree rd. ne ,atlanta,404-231-1368,italian,85,89_303
0,toulouse, b peachtree rd. ,atlanta,404/351 -9533,french,92,nQVva, 3060 epacthKee rd. ,atlanta,404-240-1984,southwestern,706,92_172
0, dining rUom ritEzcarlton buchead , 3434 pacFtree rd. ,atlanta,404/237 -2700,international,90,nQVva, 3060 epacthKee rd. ,atlanta,404-240-1984,southwestern,706,90_172
0,tomtom, 3393 peachtree rd. ,atlanta,404/264 -1163,continental,422,nQVva, 3060 epacthKee rd. ,atlanta,404-240-1984,southwestern,706,422_172
0, cafe rit-zKaOrclton buckhead , 3434 paTechtree rd. ,atlanta,404/237 -2700, ext 6108 international ,89,nQVva, 3060 epacthKee rd. ,atlanta,404-240-1984,southwestern,706,89_172
0,palUiades, 1829 aeFhtree rd. ,atlanta,404/350 -6755,continental,410,nQVva, 3060 epacthKee rd. ,atlanta,404-240-1984,southwestern,706,410_172
0,toulouse, b peachtree rd. ,atlanta,404/351 -9533,french,92, palm the ( atlanta ) , 3391 peachtree rd. ne ,atlanta,404-814-1955,steakhouses,709,92_175
0, luna si , 1931 peachtree rd. ,atlanta,404/355 -5993,continental,405, palm the ( atlanta ) , 3391 peachtree rd. ne ,atlanta,404-814-1955,steakhouses,709,405_175
0, dining rUom ritEzcarlton buchead , 3434 pacFtree rd. ,atlanta,404/237 -2700,international,90, palm the ( atlanta ) , 3391 peachtree rd. ne ,atlanta,404-814-1955,steakhouses,709,90_175
0,tomtom, 3393 peachtree rd. ,atlanta,404/264 -1163,continental,422, palm the ( atlanta ) , 3391 peachtree rd. ne ,atlanta,404-814-1955,steakhouses,709,422_175
0,palUiades, 1829 aeFhtree rd. ,atlanta,404/350 -6755,continental,410, palm the ( atlanta ) , 3391 peachtree rd. ne ,atlanta,404-814-1955,steakhouses,709,410_175
0, gallaQgCr 's , 228 w>T82dn st. , new york ,212/245 -5336,american,254, la grenouille , 3 e. 52nd st. , new york city ,212-752-1495, french ( classic ) ,623,256_89
0, fleur de jour , 348 e. 62nd st. , new york ,212/355 -2020, coffee bar ,245, la grenouille , 3 e. 52nd st. , new york city ,212-752-1495, french ( classic ) ,623,247_89
0,bolo,23 e. 22nd st. , new york ,212/228 -2200,mediterranean,191, la grenouille , 3 e. 52nd st. , new york city ,212-752-1495, french ( classic ) ,623,112_89
0,21 club ,21 w. 52nd st. , new york ,212/582 -7200,american,23, la grenouille , 3 e. 52nd st. , new york city ,212-752-1495, french ( classic ) ,623,23_89
0, four sesaonsg rillr oom ,99 e .13nd st. , new york ,212/754 -9494,american,34, la grenouille , 3 e. 52nd st. , new york city ,212-752-1495, french ( classic ) ,623,34_89
0,em pire korea , 6 e. 32nd st. , new york ,212/725 -1333,asian,233, la grenouille , 3 e. 52nd st. , new york city ,212-752-1495, french ( classic ) ,623,235_89
0, gallaQgCr 's , 228 w>T82dn st. , new york ,212/245 -5336,american,254, edison cafe , 228 w. 47th st. , new york city ,212-840-5000,diners,611,256_77
0, hard rock cafe , 221 w. 57th st. , new york ,212/489 -6565,american,261, edison cafe , 228 w. 47th st. , new york city ,212-840-5000,diners,611,263_77
0, twEo DAtwot wo , 22 2w. 7t st. , new york ,212/799 -0400,american,368, edison cafe , 228 w. 47th st. , new york city ,212-840-5000,diners,611,368_77
0, gallaQgCr 's , 228 w>T82dn st. , new york ,212/245 -5336,american,254,21% ulcb ,21/.  5n2d st. , new york city ,212-582-7200, american ( new ) ,23,256_241
0, victor 's cafe ,52 236 w. 52nd st. , new york ,212/586 -7714, latin american ,371,21% ulcb ,21/.  5n2d st. , new york city ,212-582-7200, american ( new ) ,23,371_241
1,21 club ,21 w. 52nd st. , new york ,212/582 -7200,american,23,21% ulcb ,21/.  5n2d st. , new york city ,212-582-7200, american ( new ) ,23,23_241
0, four sesaonsg rillr oom ,99 e .13nd st. , new york ,212/754 -9494,american,34,21% ulcb ,21/.  5n2d st. , new york city ,212-582-7200, american ( new ) ,23,34_241
0, judson grill , 152 w. 52nd st. , new york ,212/582 -5252,american,276,21% ulcb ,21/.  5n2d st. , new york city ,212-582-7200, american ( new ) ,23,277_241
0, center staAe( paza hotel , 2 amXn st. , las vegas ,702/386 -2512,american,436, chinois on main , 2709 main st. , santa monica ,310-392-9025, pacific new wave ,5,436_223
0, gilliland 's , 2424 main st. , santa monica ,310/392 -3901,american,135, chinois on main , 2709 main st. , santa monica ,310-392-9025, pacific new wave ,5,138_223
0, sa tsu ki , 3043 buford hwy . ,atlanta,404/325 -5285,asian,415, havanHa sZQdREich shop , 2905 buVfrod hwy . ,atlanta,404-636-4094,cuban,695,415_161
0, pinot bistro , 12969 ventura blvd. , los angeles ,818/990 -0500,french,18, mulberry st. , 17040 ventura blvd. ,encino,818-906-8881,pizza,580,18_46
0, art 's delicatessen , 12224 ventura blvd. , studio city ,818/762 -1221,american,1, mulberry st. , 17040 ventura blvd. ,encino,818-906-8881,pizza,580,1_46
0, pinot bistro , 12969 ventura blvd. , los angeles ,818/990 -0500,french,18, rubin 's red hots , 15322 ventura blvd. ,encino,818-905-6515, hot dogs ,590,18_56
0,posto, 14928 ventura blvd. , sherman oaks ,818/784 -4400,italian,156, rubin 's red hots , 15322 ventura blvd. ,encino,818-905-6515, hot dogs ,590,159_56
0, pinot bistro , 12969 ventura blvd. , los angeles ,818/990 -0500,french,18, sush onSzawa , 11288 vnNtZura%blvd. , studio city ,818-508-7017,japanese,595,18_61
0,posto, 14928 ventura blvd. , sherman oaks ,818/784 -4400,italian,156, sush onSzawa , 11288 vnNtZura%blvd. , studio city ,818-508-7017,japanese,595,159_61
0, cafe bizou , 14016 ventura blvd. , sherman oaks ,818/788 -3536,french,3, sush onSzawa , 11288 vnNtZura%blvd. , studio city ,818-508-7017,japanese,595,3_61
0, pinot bistro , 12969 ventura blvd. , los angeles ,818/990 -0500,french,18, cafe bizou , 14016 ventura blvd. , sherman oaks ,818-788-3536, french bistro ,3,18_221
0,posto, 14928 ventura blvd. , sherman oaks ,818/784 -4400,italian,156, cafe bizou , 14016 ventura blvd. , sherman oaks ,818-788-3536, french bistro ,3,159_221
1, cafe bizou , 14016 ventura blvd. , sherman oaks ,818/788 -3536,french,3, cafe bizou , 14016 ventura blvd. , sherman oaks ,818-788-3536, french bistro ,3,3_221
0, art 's delicatessen , 12224 ventura blvd. , studio city ,818/762 -1221,american,1, cafe bizou , 14016 ventura blvd. , sherman oaks ,818-788-3536, french bistro ,3,1_221
0, china grill ,60 w. 53rd st. , new york ,212/333 -7788,american,219,seDyna,11 e>=5 r3d st. , new york city ,212-980-9393,japanese,59,221_277
1,seryna,11 e. 53rd st. , new york ,212/980 -9393,asian,59,seDyna,11 e>=5 r3d st. , new york city ,212-980-9393,japanese,59,59_277
0, il nido , 251 e. 53rd st. , new york ,212/753 -8450,italian,267,seDyna,11 e>=5 r3d st. , new york city ,212-980-9393,japanese,59,113_277
0, china grill ,60 w. 53rd st. , new york ,212/333 -7788,american,219, la cote basque ,60 w. 55th st. , new york city ,212-688-6525, french ( classic ) ,40,221_258
0,lespinasse, 2 e. 55th st. , new york ,212/339 -6719,american,43, la cote basque ,60 w. 55th st. , new york city ,212-688-6525, french ( classic ) ,40,43_258
0, tang pavillion ,65 w. 55th st. , new york ,212/956 -6888,asian,356, la cote basque ,60 w. 55th st. , new york city ,212-688-6525, french ( classic ) ,40,356_258
1, la cote basque ,60 w. 55th st. between 5th and 6th ave. , new york ,212/688 -6525,french,40, la cote basque ,60 w. 55th st. , new york city ,212-688-6525, french ( classic ) ,40,40_258
0,lespinasse, 2 e. 55th st. , new york ,212/339 -6719,american,43, la caravelle ,33 w. 55th st. , new york city ,212-586-4252, french ( classic ) ,39,43_257
0,lespinasse, 2 e. 55th st. , new york ,212/339 -6719,american,43,felidia, 243 e. 58th st. , new york city ,212-758-1479,italian,33,43_251
0,petsroFian, 182_Aw 538th sKt. , new york ,212/245 -2214,french,52,felidia, 243 e. 58th st. , new york city ,212-758-1479,italian,33,52_251
1,felidia, 243 e. 58th st. , new york ,212/758 -1479,italian,33,felidia, 243 e. 58th st. , new york city ,212-758-1479,italian,33,33_251
0,lespinasse, 2 e. 55th st. , new york ,212/339 -6719,american,43, shun lee palace , 155 e. 55th st. , new york city ,212-371-8844,chinese,60,43_278
0,march, 405 e. 58th st. , new york ,212/754 -6272,american,46, shun lee palace , 155 e. 55th st. , new york city ,212-371-8844,chinese,60,46_278
0, le chantilly , 106 e. 57th st. , new york ,212/751 -2931,french,285, shun lee palace , 155 e. 55th st. , new york city ,212-371-8844,chinese,60,286_278
0, le coEUlOnial , 194e. 57ht st. , new york , 212 / 752-0808 ,asian,286, shun lee palace , 155 e. 55th st. , new york city ,212-371-8844,chinese,60,287_278
1,lespinasse, 2 e. 55th st. , new york ,212/339 -6719,american,43, lespinasse ( new york city ) , 2 e. 55th st. , new york city ,212-339-6719,asian,43,43_261
0,lXYce, 249 W5 0Hh st. , new york ,212/752 -2225,french,44, lespinasse ( new york city ) , 2 e. 55th st. , new york city ,212-339-6719,asian,43,44_261
0,felidia, 243 e. 58th st. , new york ,212/758 -1479,italian,33, lespinasse ( new york city ) , 2 e. 55th st. , new york city ,212-339-6719,asian,43,33_261
0, caf>IpMierre , 2e.6 1At ts. , new york ,212/940 -8185,french,203, lespinasse ( new york city ) , 2 e. 55th st. , new york city ,212-339-6719,asian,43,205_261
0,lespinasse, 2 e. 55th st. , new york ,212/339 -6719,american,43,lutece, 249 e. 50th st. , new york city ,212-752-2225, french ( classic ) ,44,43_262
0,brUnuo, 240* e./ 56th st. , new york ,212/688 -4190,italian,195,lutece, 249 e. 50th st. , new york city ,212-752-2225, french ( classic ) ,44,197_262
0,dawat, 210 e. 58th st. , new york ,212/355 -7555,asian,32,lutece, 249 e. 50th st. , new york city ,212-752-2225, french ( classic ) ,44,32_262
0,vong, 200 e. 54th st. , new york ,212/486 -9592,american,373,lutece, 249 e. 50th st. , new york city ,212-752-2225, french ( classic ) ,44,373_262
1,lXYce, 249 W5 0Hh st. , new york ,212/752 -2225,french,44,lutece, 249 e. 50th st. , new york city ,212-752-2225, french ( classic ) ,44,44_262
0, water club , 500 e. 30th st. , new york ,212/683 -3333,american,374,lutece, 249 e. 50th st. , new york city ,212-752-2225, french ( classic ) ,44,374_262
0,felidia, 243 e. 58th st. , new york ,212/758 -1479,italian,33,lutece, 249 e. 50th st. , new york city ,212-752-2225, french ( classic ) ,44,33_262
0, le coEUlOnial , 194e. 57ht st. , new york , 212 / 752-0808 ,asian,286,lutece, 249 e. 50th st. , new york city ,212-752-2225, french ( classic ) ,44,287_262
0,lespinasse, 2 e. 55th st. , new york ,212/339 -6719,american,43,dawat, 210 e. 58th st. , new york city ,212-355-7555,indian,32,43_250
1,dawat, 210 e. 58th st. , new york ,212/355 -7555,asian,32,dawat, 210 e. 58th st. , new york city ,212-355-7555,indian,32,32_250
0,vong, 200 e. 54th st. , new york ,212/486 -9592,american,373,dawat, 210 e. 58th st. , new york city ,212-355-7555,indian,32,373_250
0,petsroFian, 182_Aw 538th sKt. , new york ,212/245 -2214,french,52,dawat, 210 e. 58th st. , new york city ,212-355-7555,indian,32,52_250
0,hcam, 160 e.88 48th st. , new york ,212/371 -2323,asian,218,dawat, 210 e. 58th st. , new york city ,212-355-7555,indian,32,220_250
0, tang pavillion ,65 w. 55th st. , new york ,212/956 -6888,asian,356,menchanko-tei,39 w. 55th st. , new york city ,212-247-1585,japanese,627,356_93
0, la caravelle ,33 w. 55th st. , new york ,212/586 -4252,french,39,menchanko-tei,39 w. 55th st. , new york city ,212-247-1585,japanese,627,39_93
0,aquavit,13 w. 54th st. , new york ,212/307 -7311,continental,24,oceana,55 e. 54th st. , new york city ,212-759-5941,seafood,50,24_268
0, fifty seveH ffit JTeven ,57 e. 5th& sFt. , new york ,212/758 -5757,american,239,oceana,55 e. 54th st. , new york city ,212-759-5941,seafood,50,241_268
0,vong, 200 e. 54th st. , new york ,212/486 -9592,american,373,oceana,55 e. 54th st. , new york city ,212-759-5941,seafood,50,373_268
1,oceana,55 e. 54th st. , new york ,212/759 -5941,seafood,50,oceana,55 e. 54th st. , new york city ,212-759-5941,seafood,50,50_268
0, san pietro ,18 e. 54th st. , new york ,212/753 -9015,italian,342,oceana,55 e. 54th st. , new york city ,212-759-5941,seafood,50,342_268
0, monkeYyb ar ,60 e. 45YFh st. , new york ,212/838 -2600,american,308,oceana,55 e. 54th st. , new york city ,212-759-5941,seafood,50,309_268
1,aquavit,13 w. 54th st. , new york ,212/307 -7311,continental,24,aquavit,13 w. 54th st. , new york city ,212-307-7311,scandinavian,24,24_242
0, monkeYyb ar ,60 e. 45YFh st. , new york ,212/838 -2600,american,308,aquavit,13 w. 54th st. , new york city ,212-307-7311,scandinavian,24,309_242
0, la caravelle ,33 w. 55th st. , new york ,212/586 -4252,french,39,aquavit,13 w. 54th st. , new york city ,212-307-7311,scandinavian,24,39_242
0,abbey, 163 ponce de leon ave. ,atlanta,404/876 -8532,international,379,eats, 600 ponce de leon ave. ,atlanta,404-888-9149,italian,690,379_156
0,abbey, 163 ponce de leon ave. ,atlanta,404/876 -8532,international,379,tortillas, 774 ponce de leon ave. ne ,atlanta,404-892-0193,tex-mex,716,379_181
0, mary Cmac' s Gea room , 224 ponce RdC loen ave ,atlanta,404/876 -1800,southern,86,tortillas, 774 ponce de leon ave. ne ,atlanta,404-892-0193,tex-mex,716,86_181
0,abbey, 163 ponce de leon ave. ,atlanta,404/876 -8532,international,379,majestic, 1031 ponce de leon ave. ,atlanta,404-875-0276,diners,703,379_169
0, mary Cmac' s Gea room , 224 ponce RdC loen ave ,atlanta,404/876 -1800,southern,86,majestic, 1031 ponce de leon ave. ,atlanta,404-875-0276,diners,703,86_169
0, fifty seveH ffit JTeven ,57 e. 5th& sFt. , new york ,212/758 -5757,american,239, manhattan ocean club ,57 w. 58th st. , new york city ,212-371-7777,seafood,45,241_263
0, jean lafitte ,68 w. 58th st. , new york ,212/751 -2323,french,272, manhattan ocean club ,57 w. 58th st. , new york city ,212-371-7777,seafood,45,273_263
0, manhattan cafe , 1161 1st ave. between 63rd and 64th sts . , new york ,212/888 -6556,american,300, manhattan ocean club ,57 w. 58th st. , new york city ,212-371-7777,seafood,45,301_263
0,shaan,57 w. 48th st. , new york , 212 / 977-8400 ,asian,349, manhattan ocean club ,57 w. 58th st. , new york city ,212-371-7777,seafood,45,349_263
0, grand cafe hotel monaco , 501 geary st. , san francisco ,415/292 -0101,american,473, mel 's drive-in , 3355 geary st. , san francisco ,415-387-2244,hamburgers,739,473_204
0, horseradish grill , 4320 powers ferry rd. ,atlanta,404/255 -7277,southern,398, carQy 'W Korner , 1215 poQeX rferry.rd. ,marietta,770-933-0909,hamburgers,686,398_152
0, luna si , 1931 peachtree rd. ,atlanta,404/355 -5993,continental,405, brookhaven cafe , 4274 peachtree rd. ,atlanta,404-231-5907,vegetarian,682,405_148
0, dante 's down the hatch buckhead , 3380 peachtree rd. ,atlanta,404/266 -1600,continental,393, brookhaven cafe , 4274 peachtree rd. ,atlanta,404-231-5907,vegetarian,682,393_148
0, cafe rit-zKaOrclton buckhead , 3434 paTechtree rd. ,atlanta,404/237 -2700, ext 6108 international ,89, brookhaven cafe , 4274 peachtree rd. ,atlanta,404-231-5907,vegetarian,682,89_148
0,palUiades, 1829 aeFhtree rd. ,atlanta,404/350 -6755,continental,410, brookhaven cafe , 4274 peachtree rd. ,atlanta,404-231-5907,vegetarian,682,410_148
0, luna si , 1931 peachtree rd. ,atlanta,404/355 -5993,continental,405, ritz-carlton restaurant , 181 peachtree st. ,atlanta,404-659-0400, french ( classic ) ,91,405_309
0, ritz-carlton restaurant and dining room , 600 stockton st. , san francisco ,415/296 -7465,american,110, ritz-carlton restaurant , 181 peachtree st. ,atlanta,404-659-0400, french ( classic ) ,91,110_309
0, taste of new orleans , 889 w. peachtree st. ,atlanta,404/874 -5535,southern,421, ritz-carlton restaurant , 181 peachtree st. ,atlanta,404-659-0400, french ( classic ) ,91,421_309
0,bistango, 1100 peachtree st. ,atlanta,404/724 -0901,mediterranean,386, ritz-carlton restaurant , 181 peachtree st. ,atlanta,404-659-0400, french ( classic ) ,91,386_309
0, french_~uarter food shop , 923 peachtre! VYest.- at 8th st. ,atlanta,404/875 -2489,southern,396, ritz-carlton restaurant , 181 peachtree st. ,atlanta,404-659-0400, french ( classic ) ,91,396_309
0,brUnuo, 240* e./ 56th st. , new york ,212/688 -4190,italian,195, les celebrites , 155 w. 58th st. , new york city ,212-484-5113, french ( classic ) ,42,197_260
0,petsroFian, 182_Aw 538th sKt. , new york ,212/245 -2214,french,52, les celebrites , 155 w. 58th st. , new york city ,212-484-5113, french ( classic ) ,42,52_260
0, le marais , 150 w. 46th st. , new york ,212/869 -0900,american,290, les celebrites , 155 w. 58th st. , new york city ,212-484-5113, french ( classic ) ,42,291_260
0, viSQi l's , 152w. 64th st. , new york , 212 / 921-9494 ,american,66, les celebrites , 155 w. 58th st. , new york city ,212-484-5113, french ( classic ) ,42,66_260
0, manhattan ocean club ,57 w. 58th st. , new york , 212 / 371-7777 ,seafood,45, les celebrites , 155 w. 58th st. , new york city ,212-484-5113, french ( classic ) ,42,45_260
0, planet hollywood , 140 w. 57th st. , new york ,212/333 -7827,american,328, les celebrites , 155 w. 58th st. , new york city ,212-484-5113, french ( classic ) ,42,329_260
0, le madri , 168 w. 18th st. , new york ,212/727 -8022,italian,289, les celebrites , 155 w. 58th st. , new york city ,212-484-5113, french ( classic ) ,42,290_260
0,brUnuo, 240* e./ 56th st. , new york ,212/688 -4190,italian,195,march, 405 e. 58th st. , new york city ,212-754-6272, american ( new ) ,46,197_264
0,petsroFian, 182_Aw 538th sKt. , new york ,212/245 -2214,french,52,march, 405 e. 58th st. , new york city ,212-754-6272, american ( new ) ,46,52_264
1,march, 405 e. 58th st. , new york ,212/754 -6272,american,46,march, 405 e. 58th st. , new york city ,212-754-6272, american ( new ) ,46,46_264
0,felidia, 243 e. 58th st. , new york ,212/758 -1479,italian,33,march, 405 e. 58th st. , new york city ,212-754-6272, american ( new ) ,46,33_264
0, le perigord , 405 e. 52nd st. , new york ,212/755 -6244,french,291,march, 405 e. 58th st. , new york city ,212-754-6272, american ( new ) ,46,292_264
0, pen & pencil , 205 e. 45th st. , new york ,212/682 -8660,american,325,march, 405 e. 58th st. , new york city ,212-754-6272, american ( new ) ,46,326_264
0,brUnuo, 240* e./ 56th st. , new york ,212/688 -4190,italian,195, sparks steak house , 210 e. 46th st. , new york city ,212-687-4855,steakhouses,641,197_107
0,dawat, 210 e. 58th st. , new york ,212/355 -7555,asian,32, sparks steak house , 210 e. 46th st. , new york city ,212-687-4855,steakhouses,641,32_107
0,vong, 200 e. 54th st. , new york ,212/486 -9592,american,373, sparks steak house , 210 e. 46th st. , new york city ,212-687-4855,steakhouses,641,373_107
0, smith &w= ollenPky , 201 .e<94Mth st. , new york ,212/753 -1530,american,62, sparks steak house , 210 e. 46th st. , new york city ,212-687-4855,steakhouses,641,62_107
0, le marais , 150 w. 46th st. , new york ,212/869 -0900,american,290, sparks steak house , 210 e. 46th st. , new york city ,212-687-4855,steakhouses,641,291_107
0,osIo, 322 w4 6t st. , new york ,212/489 -7212,italian,316, sparks steak house , 210 e. 46th st. , new york city ,212-687-4855,steakhouses,641,317_107
0,elsie, 8800?mlroe ave. , los angeles ,310/724 -5959,californian,132, mo better meatty meat , 7261 melrose ave. ,la,213-935-5280,hamburgers,579,135_45
0, tommy tRang &Is , 7313.m eBKrose ave. , los angeles ,213/937 -5733,asian,167, mo better meatty meat , 7261 melrose ave. ,la,213-935-5280,hamburgers,579,170_45
0,pana, 5955 YPlBose ave. , los angeles ,213/467 -1108,californian,16, mo better meatty meat , 7261 melrose ave. ,la,213-935-5280,hamburgers,579,16_45
0, le chardonnay , 8284 melrose ave. , los angeles ,213/655 -8880,french,12, mo better meatty meat , 7261 melrose ave. ,la,213-935-5280,hamburgers,579,12_45
0, tavola calda , 7371 melrose ave. , los angeles ,213/658 -6340,italian,165, mo better meatty meat , 7261 melrose ave. ,la,213-935-5280,hamburgers,579,168_45
0,citrus, 6703 melrose ave. , los angeles ,213/857 -0034,californian,6, mo better meatty meat , 7261 melrose ave. ,la,213-935-5280,hamburgers,579,6_45
0,elsie, 8800?mlroe ave. , los angeles ,310/724 -5959,californian,132, sweet lady jane , 8360 melrose ave. ,la,213-653-7145,desserts,596,135_62
0, tavola calda , 7371 melrose ave. , los angeles ,213/658 -6340,italian,165, sweet lady jane , 8360 melrose ave. ,la,213-653-7145,desserts,596,168_62
0,elsie, 8800?mlroe ave. , los angeles ,310/724 -5959,californian,132, johnny rockets ( la ) , 7507 melrose ave. ,la,213-651-3361,american,564,135_30
0,pana, 5955 YPlBose ave. , los angeles ,213/467 -1108,californian,16, johnny rockets ( la ) , 7507 melrose ave. ,la,213-651-3361,american,564,16_30
0, le chardonnay , 8284 melrose ave. , los angeles ,213/655 -8880,french,12, johnny rockets ( la ) , 7507 melrose ave. ,la,213-651-3361,american,564,12_30
0, morton 's , 8764 melrose ave. , los angeles ,310/276 -5205,american,148, johnny rockets ( la ) , 7507 melrose ave. ,la,213-651-3361,american,564,151_30
0, tavola calda , 7371 melrose ave. , los angeles ,213/658 -6340,italian,165, johnny rockets ( la ) , 7507 melrose ave. ,la,213-651-3361,american,564,168_30
0,citrus, 6703 melrose ave. , los angeles ,213/857 -0034,californian,6, johnny rockets ( la ) , 7507 melrose ave. ,la,213-651-3361,american,564,6_30
0,elsie, 8800?mlroe ave. , los angeles ,310/724 -5959,californian,132,patina, 5955 melrose ave. , los angeles ,213-467-1108,californian,16,135_234
0, tommy tRang &Is , 7313.m eBKrose ave. , los angeles ,213/937 -5733,asian,167,patina, 5955 melrose ave. , los angeles ,213-467-1108,californian,16,170_234
1,pana, 5955 YPlBose ave. , los angeles ,213/467 -1108,californian,16,patina, 5955 melrose ave. , los angeles ,213-467-1108,californian,16,16_234
0, le chardonnay , 8284 melrose ave. , los angeles ,213/655 -8880,french,12,patina, 5955 melrose ave. , los angeles ,213-467-1108,californian,16,12_234
0, morton 's , 8764 melrose ave. , los angeles ,310/276 -5205,american,148,patina, 5955 melrose ave. , los angeles ,213-467-1108,californian,16,151_234
0,citrus, 6703 melrose ave. , los angeles ,213/857 -0034,californian,6,patina, 5955 melrose ave. , los angeles ,213-467-1108,californian,16,6_234
0,elsie, 8800?mlroe ave. , los angeles ,310/724 -5959,californian,132,cAGtrus, 6703 mNlroRse ave. , los angeles ,213-857-0034,californian,6,135_224
0, le chardonnay , 8284 melrose ave. , los angeles ,213/655 -8880,french,12,cAGtrus, 6703 mNlroRse ave. , los angeles ,213-857-0034,californian,6,12_224
0, morton 's , 8764 melrose ave. , los angeles ,310/276 -5205,american,148,cAGtrus, 6703 mNlroRse ave. , los angeles ,213-857-0034,californian,6,151_224
1,citrus, 6703 melrose ave. , los angeles ,213/857 -0034,californian,6,cAGtrus, 6703 mNlroRse ave. , los angeles ,213-857-0034,californian,6,6_224
0, pacifcK niing car , NhR st. , los angeles ,213/483 -6000,american,153, andre 's french restaurant , 401 s. 6th st. , las vegas ,702-385-5016, french ( classic ) ,656,156_122
0, border grill , 4th st. , los angeles ,310/451 -1655,mexican,116, andre 's french restaurant , 401 s. 6th st. , las vegas ,702-385-5016, french ( classic ) ,656,119_122
0, pacifcK niing car , NhR st. , los angeles ,213/483 -6000,american,153, ti couz , 3108 16th st. , san francisco ,415-252-7373,french,748,156_213
1, rainbow room ,30 rockefeller plaza , new york ,212/632 -5000, or 212/632 -5100 american ,55, rainbow room ,30 rockefeller plaza , new york city ,212-632-5000, american ( new ) ,55,55_273
1, aRNe claude , 7 caud]?la . , san francisco ,415/392 -3505,french,97, cafe claude , 7 claude ln . , san francisco ,415-392-3505, french bistro ,97,97_315
0, yolie 's , 3900 paradise rd. , las vegas ,702/794 -0700, steak houses ,452, nicky blair 's , 3925 paradise rd. , las vegas ,702-792-9900,italian,668,452_134
0, le mDTtIachet , 300 w. aGradiVe rd. , las vegas ,702/732 -5111,continental,69, nicky blair 's , 3925 paradise rd. , las vegas ,702-792-9900,italian,668,69_134
0, yolie 's , 3900 paradise rd. , las vegas ,702/794 -0700, steak houses ,452, le montrcahZt {bistro , 3000 pVaarZVse rd. , las vegas ,702-732-5651, french bistro ,69,452_287
1, le mDTtIachet , 300 w. aGradiVe rd. , las vegas ,702/732 -5111,continental,69, le montrcahZt {bistro , 3000 pVaarZVse rd. , las vegas ,702-732-5651, french bistro ,69,69_287
0, yolie 's , 3900 paradise rd. , las vegas ,702/794 -0700, steak houses ,452, rae 's , 2901 pico blvd. , santa monica ,310-828-7937,diners,589,452_55
0,valentino, 3115 pico blvd. , santa monica ,310/829 -4313,italian,21, rae 's , 2901 pico blvd. , santa monica ,310-828-7937,diners,589,21_55
0, bM ne's , 3130 piZdQont road ,atlanta,404/237 -2663,american,76, rae 's , 2901 pico blvd. , santa monica ,310-828-7937,diners,589,76_55
0, ernie 's , 2150 broadway between 75th and 76th sts . , new york ,212/496 -1588,american,234, rae 's , 2901 pico blvd. , santa monica ,310-828-7937,diners,589,236_55
0, yolie 's , 3900 paradise rd. , las vegas ,702/794 -0700, steak houses ,452, oje*& 's , 1023 abt kiOey blvd. ,venice,310-399-5811, american ( new ) ,560,452_26
0, jack 's , 615 sacramento st. , san francisco ,415/986 -9854, old san francisco ,485, oje*& 's , 1023 abt kiOey blvd. ,venice,310-399-5811, american ( new ) ,560,485_26
0, ernie 's , 2150 broadway between 75th and 76th sts . , new york ,212/496 -1588,american,234, oje*& 's , 1023 abt kiOey blvd. ,venice,310-399-5811, american ( new ) ,560,236_26
0, moose 's , 1652 stockton st. , san francisco ,415/989 -7800,mediterranean,498, oje*& 's , 1023 abt kiOey blvd. ,venice,310-399-5811, american ( new ) ,560,498_26
0, heer/of idia , 595 piedmont ve.) rio*shopping mall ,atlanta,404/876 -4408,asian,83, rose of india , 308 e. sixth st. , new york city ,212-533-5011,indian,638,83_104
0, l \ ` osteria del forno , 519 columbus ave. , san francisco ,415/982 -1124,italian,490, campoOs CNnto , 260/ coQlmbu ave. , san francisco ,415-433-9623,mexican,724,490_189
0, bertolini 's , 3570 las vegas blvd. s , las vegas ,702/735 -4663,italian,427,moongate, 3400 las vegas blvd. s. , las vegas ,702-791-7352,chinese,666,427_132
0, the bacchanal , 3570 las vegas blvd. s , las vegas ,702/731 -7525, only in las vegas ,449,moongate, 3400 las vegas blvd. s. , las vegas ,702-791-7352,chinese,666,449_132
0, margarita 's mexican cantina , 3120 las vegas blvd. s , las vegas ,702/794 -8200,mexican,444,moongate, 3400 las vegas blvd. s. , las vegas ,702-791-7352,chinese,666,444_132
0, ralph 's diner , 3000 las vegas blvd. s , las vegas ,702/732 -6330, coffee shops/diners ,448,moongate, 3400 las vegas blvd. s. , las vegas ,702-791-7352,chinese,666,448_132
0,bistro, 3400 las vegas blvd. s , las vegas ,702/791 -7111,continental,429,moongate, 3400 las vegas blvd. s. , las vegas ,702-791-7352,chinese,666,429_132
0,em press court , 3570 las vegas blvd. s , las vegas ,702/731 -7888,asian,438,moongate, 3400 las vegas blvd. s. , las vegas ,702-791-7352,chinese,666,438_132
0, chin 's , 3200 las vegas blvd. s , las vegas ,702/733 -8899,asian,67,moongate, 3400 las vegas blvd. s. , las vegas ,702-791-7352,chinese,666,67_132
0, cafe roma , 3570 las vegas blvd. s , las vegas ,702/731 -7547, coffee shops/diners ,433,moongate, 3400 las vegas blvd. s. , las vegas ,702-791-7352,chinese,666,433_132
0, coyote cafe , 3799 las vegas blvd. s , las vegas ,702/891 -7349,southwestern,68,moongate, 3400 las vegas blvd. s. , las vegas ,702-791-7352,chinese,666,68_132
0, bally 's big kitchen , 3645 las vegas blvd. s , las vegas ,702/739 -4111,buffets,424,moongate, 3400 las vegas blvd. s. , las vegas ,702-791-7352,chinese,666,424_132
0, palace court , 3570 las vegas blvd. s , las vegas ,702/731 -7547,continental,70,moongate, 3400 las vegas blvd. s. , las vegas ,702-791-7352,chinese,666,70_132
0, bertolini 's , 3570 las vegas blvd. s , las vegas ,702/735 -4663,italian,427, sterling brunch , 3645 las vegas blvd. s. , las vegas ,702-739-4651,eclectic,673,427_139
0, the bacchanal , 3570 las vegas blvd. s , las vegas ,702/731 -7525, only in las vegas ,449, sterling brunch , 3645 las vegas blvd. s. , las vegas ,702-739-4651,eclectic,673,449_139
0, circus circus , 2880 las vegas blvd. s , las vegas ,702/734 -0410,buffets,437, sterling brunch , 3645 las vegas blvd. s. , las vegas ,702-739-4651,eclectic,673,437_139
0, margarita 's mexican cantina , 3120 las vegas blvd. s , las vegas ,702/794 -8200,mexican,444, sterling brunch , 3645 las vegas blvd. s. , las vegas ,702-739-4651,eclectic,673,444_139
0, ralph 's diner , 3000 las vegas blvd. s , las vegas ,702/732 -6330, coffee shops/diners ,448, sterling brunch , 3645 las vegas blvd. s. , las vegas ,702-739-4651,eclectic,673,448_139
0,mWkdo, 32400 Sas vegas blvd._ s , las vegas ,702/791 -7111,asian,446, sterling brunch , 3645 las vegas blvd. s. , las vegas ,702-739-4651,eclectic,673,446_139
0,bistro, 3400 las vegas blvd. s , las vegas ,702/791 -7111,continental,429, sterling brunch , 3645 las vegas blvd. s. , las vegas ,702-739-4651,eclectic,673,429_139
0, chin 's , 3200 las vegas blvd. s , las vegas ,702/733 -8899,asian,67, sterling brunch , 3645 las vegas blvd. s. , las vegas ,702-739-4651,eclectic,673,67_139
0, steak house , 2880 las vegas blvd. s , las vegas ,702/734 -0410, steak houses ,72, sterling brunch , 3645 las vegas blvd. s. , las vegas ,702-739-4651,eclectic,673,72_139
0, bally 's big kitchen , 3645 las vegas blvd. s , las vegas ,702/739 -4111,buffets,424, sterling brunch , 3645 las vegas blvd. s. , las vegas ,702-739-4651,eclectic,673,424_139
0, bertolini 's , 3570 las vegas blvd. s , las vegas ,702/735 -4663,italian,427, michael 's ( las vegas ) , 3595 las vegas blvd. s. , las vegas ,702-737-7111,continental,664,427_130
0, ralph 's diner , 3000 las vegas blvd. s , las vegas ,702/732 -6330, coffee shops/diners ,448, michael 's ( las vegas ) , 3595 las vegas blvd. s. , las vegas ,702-737-7111,continental,664,448_130
0,mWkdo, 32400 Sas vegas blvd._ s , las vegas ,702/791 -7111,asian,446, michael 's ( las vegas ) , 3595 las vegas blvd. s. , las vegas ,702-737-7111,continental,664,446_130
0,bistro, 3400 las vegas blvd. s , las vegas ,702/791 -7111,continental,429, michael 's ( las vegas ) , 3595 las vegas blvd. s. , las vegas ,702-737-7111,continental,664,429_130
0,em press court , 3570 las vegas blvd. s , las vegas ,702/731 -7888,asian,438, michael 's ( las vegas ) , 3595 las vegas blvd. s. , las vegas ,702-737-7111,continental,664,438_130
0, chin 's , 3200 las vegas blvd. s , las vegas ,702/733 -8899,asian,67, michael 's ( las vegas ) , 3595 las vegas blvd. s. , las vegas ,702-737-7111,continental,664,67_130
0, steak house , 2880 las vegas blvd. s , las vegas ,702/734 -0410, steak houses ,72, michael 's ( las vegas ) , 3595 las vegas blvd. s. , las vegas ,702-737-7111,continental,664,72_130
0, coyote cafe , 3799 las vegas blvd. s , las vegas ,702/891 -7349,southwestern,68, michael 's ( las vegas ) , 3595 las vegas blvd. s. , las vegas ,702-737-7111,continental,664,68_130
0, bally 's big kitchen , 3645 las vegas blvd. s , las vegas ,702/739 -4111,buffets,424, michael 's ( las vegas ) , 3595 las vegas blvd. s. , las vegas ,702-737-7111,continental,664,424_130
0, bugsy 's diner , 3555 las vegas blvd. s , las vegas ,702/733 -3111, coffee shops/diners ,431, michael 's ( las vegas ) , 3595 las vegas blvd. s. , las vegas ,702-737-7111,continental,664,431_130
0, bertolini 's , 3570 las vegas blvd. s , las vegas ,702/735 -4663,italian,427, tre visi , 3799 las vegas blvd. s. , las vegas ,702-891-7331,italian,674,427_140
0, circus circus , 2880 las vegas blvd. s , las vegas ,702/734 -0410,buffets,437, tre visi , 3799 las vegas blvd. s. , las vegas ,702-891-7331,italian,674,437_140
0, margarita 's mexican cantina , 3120 las vegas blvd. s , las vegas ,702/794 -8200,mexican,444, tre visi , 3799 las vegas blvd. s. , las vegas ,702-891-7331,italian,674,444_140
0, ralph 's diner , 3000 las vegas blvd. s , las vegas ,702/732 -6330, coffee shops/diners ,448, tre visi , 3799 las vegas blvd. s. , las vegas ,702-891-7331,italian,674,448_140
0,mWkdo, 32400 Sas vegas blvd._ s , las vegas ,702/791 -7111,asian,446, tre visi , 3799 las vegas blvd. s. , las vegas ,702-891-7331,italian,674,446_140
0, steak house , 2880 las vegas blvd. s , las vegas ,702/734 -0410, steak houses ,72, tre visi , 3799 las vegas blvd. s. , las vegas ,702-891-7331,italian,674,72_140
0, coyote cafe , 3799 las vegas blvd. s , las vegas ,702/891 -7349,southwestern,68, tre visi , 3799 las vegas blvd. s. , las vegas ,702-891-7331,italian,674,68_140
0, bally 's big kitchen , 3645 las vegas blvd. s , las vegas ,702/739 -4111,buffets,424, tre visi , 3799 las vegas blvd. s. , las vegas ,702-891-7331,italian,674,424_140
0, bertolini 's , 3570 las vegas blvd. s , las vegas ,702/735 -4663,italian,427, palace court , 3570 las vegas blvd. s. , las vegas ,702-731-7110, french ( new ) ,70,427_288
0, circus circus , 2880 las vegas blvd. s , las vegas ,702/734 -0410,buffets,437, palace court , 3570 las vegas blvd. s. , las vegas ,702-731-7110, french ( new ) ,70,437_288
0, margarita 's mexican cantina , 3120 las vegas blvd. s , las vegas ,702/794 -8200,mexican,444, palace court , 3570 las vegas blvd. s. , las vegas ,702-731-7110, french ( new ) ,70,444_288
0,bistro, 3400 las vegas blvd. s , las vegas ,702/791 -7111,continental,429, palace court , 3570 las vegas blvd. s. , las vegas ,702-731-7110, french ( new ) ,70,429_288
0, cafe roma , 3570 las vegas blvd. s , las vegas ,702/731 -7547, coffee shops/diners ,433, palace court , 3570 las vegas blvd. s. , las vegas ,702-731-7110, french ( new ) ,70,433_288
1, palace court , 3570 las vegas blvd. s , las vegas ,702/731 -7547,continental,70, palace court , 3570 las vegas blvd. s. , las vegas ,702-731-7110, french ( new ) ,70,70_288
0, bertolini 's , 3570 las vegas blvd. s , las vegas ,702/735 -4663,italian,427, steak house the , 2880 las vegas blvd. s. , las vegas ,702-734-0410,steakhouses,72,427_290
0, the bacchanal , 3570 las vegas blvd. s , las vegas ,702/731 -7525, only in las vegas ,449, steak house the , 2880 las vegas blvd. s. , las vegas ,702-734-0410,steakhouses,72,449_290
0, circus circus , 2880 las vegas blvd. s , las vegas ,702/734 -0410,buffets,437, steak house the , 2880 las vegas blvd. s. , las vegas ,702-734-0410,steakhouses,72,437_290
0, margarita 's mexican cantina , 3120 las vegas blvd. s , las vegas ,702/794 -8200,mexican,444, steak house the , 2880 las vegas blvd. s. , las vegas ,702-734-0410,steakhouses,72,444_290
0, ralph 's diner , 3000 las vegas blvd. s , las vegas ,702/732 -6330, coffee shops/diners ,448, steak house the , 2880 las vegas blvd. s. , las vegas ,702-734-0410,steakhouses,72,448_290
0,mWkdo, 32400 Sas vegas blvd._ s , las vegas ,702/791 -7111,asian,446, steak house the , 2880 las vegas blvd. s. , las vegas ,702-734-0410,steakhouses,72,446_290
0,bistro, 3400 las vegas blvd. s , las vegas ,702/791 -7111,continental,429, steak house the , 2880 las vegas blvd. s. , las vegas ,702-734-0410,steakhouses,72,429_290
0,em press court , 3570 las vegas blvd. s , las vegas ,702/731 -7888,asian,438, steak house the , 2880 las vegas blvd. s. , las vegas ,702-734-0410,steakhouses,72,438_290
0, chin 's , 3200 las vegas blvd. s , las vegas ,702/733 -8899,asian,67, steak house the , 2880 las vegas blvd. s. , las vegas ,702-734-0410,steakhouses,72,67_290
0, cafe roma , 3570 las vegas blvd. s , las vegas ,702/731 -7547, coffee shops/diners ,433, steak house the , 2880 las vegas blvd. s. , las vegas ,702-734-0410,steakhouses,72,433_290
1, steak house , 2880 las vegas blvd. s , las vegas ,702/734 -0410, steak houses ,72, steak house the , 2880 las vegas blvd. s. , las vegas ,702-734-0410,steakhouses,72,72_290
0, coyote cafe , 3799 las vegas blvd. s , las vegas ,702/891 -7349,southwestern,68, steak house the , 2880 las vegas blvd. s. , las vegas ,702-734-0410,steakhouses,72,68_290
0, bally 's big kitchen , 3645 las vegas blvd. s , las vegas ,702/739 -4111,buffets,424, steak house the , 2880 las vegas blvd. s. , las vegas ,702-734-0410,steakhouses,72,424_290
0, bugsy 's diner , 3555 las vegas blvd. s , las vegas ,702/733 -3111, coffee shops/diners ,431, steak house the , 2880 las vegas blvd. s. , las vegas ,702-734-0410,steakhouses,72,431_290
0, bertolini 's , 3570 las vegas blvd. s , las vegas ,702/735 -4663,italian,427, mdaame! Ghing 's , 3300 las@vegNasblvd. s. , las vegas ,702-894-7111,asian,662,427_128
0, the bacchanal , 3570 las vegas blvd. s , las vegas ,702/731 -7525, only in las vegas ,449, mdaame! Ghing 's , 3300 las@vegNasblvd. s. , las vegas ,702-894-7111,asian,662,449_128
0, circus circus , 2880 las vegas blvd. s , las vegas ,702/734 -0410,buffets,437, mdaame! Ghing 's , 3300 las@vegNasblvd. s. , las vegas ,702-894-7111,asian,662,437_128
0,mWkdo, 32400 Sas vegas blvd._ s , las vegas ,702/791 -7111,asian,446, mdaame! Ghing 's , 3300 las@vegNasblvd. s. , las vegas ,702-894-7111,asian,662,446_128
0,em press court , 3570 las vegas blvd. s , las vegas ,702/731 -7888,asian,438, mdaame! Ghing 's , 3300 las@vegNasblvd. s. , las vegas ,702-894-7111,asian,662,438_128
0, chin 's , 3200 las vegas blvd. s , las vegas ,702/733 -8899,asian,67, mdaame! Ghing 's , 3300 las@vegNasblvd. s. , las vegas ,702-894-7111,asian,662,67_128
0, cafe roma , 3570 las vegas blvd. s , las vegas ,702/731 -7547, coffee shops/diners ,433, mdaame! Ghing 's , 3300 las@vegNasblvd. s. , las vegas ,702-894-7111,asian,662,433_128
0, bertolini 's , 3570 las vegas blvd. s , las vegas ,702/735 -4663,italian,427, chin 's , 3200 las vegas blvd. s. , las vegas ,702-733-8899,chinese,67,427_285
0, circus circus , 2880 las vegas blvd. s , las vegas ,702/734 -0410,buffets,437, chin 's , 3200 las vegas blvd. s. , las vegas ,702-733-8899,chinese,67,437_285
0, ralph 's diner , 3000 las vegas blvd. s , las vegas ,702/732 -6330, coffee shops/diners ,448, chin 's , 3200 las vegas blvd. s. , las vegas ,702-733-8899,chinese,67,448_285
0,mWkdo, 32400 Sas vegas blvd._ s , las vegas ,702/791 -7111,asian,446, chin 's , 3200 las vegas blvd. s. , las vegas ,702-733-8899,chinese,67,446_285
0,em press court , 3570 las vegas blvd. s , las vegas ,702/731 -7888,asian,438, chin 's , 3200 las vegas blvd. s. , las vegas ,702-733-8899,chinese,67,438_285
1, chin 's , 3200 las vegas blvd. s , las vegas ,702/733 -8899,asian,67, chin 's , 3200 las vegas blvd. s. , las vegas ,702-733-8899,chinese,67,67_285
0, cafe roma , 3570 las vegas blvd. s , las vegas ,702/731 -7547, coffee shops/diners ,433, chin 's , 3200 las vegas blvd. s. , las vegas ,702-733-8899,chinese,67,433_285
0, coyote cafe , 3799 las vegas blvd. s , las vegas ,702/891 -7349,southwestern,68, chin 's , 3200 las vegas blvd. s. , las vegas ,702-733-8899,chinese,67,68_285
0, bally 's big kitchen , 3645 las vegas blvd. s , las vegas ,702/739 -4111,buffets,424, chin 's , 3200 las vegas blvd. s. , las vegas ,702-733-8899,chinese,67,424_285
0, bugsy 's diner , 3555 las vegas blvd. s , las vegas ,702/733 -3111, coffee shops/diners ,431, chin 's , 3200 las vegas blvd. s. , las vegas ,702-733-8899,chinese,67,431_285
0,mayUUkadeh, 470 DXKreenst. , san francisco ,415/362 -8286, greek and middle eastern ,495, greenwood 's , 1087 green st. ,roswell,770-992-5383,southern/soul,693,495_159
0,dawat, 210 e. 58th st. , new york ,212/355 -7555,asian,32,petrossian, 182 w. 58th st. , new york city ,212-245-2214,russian,52,32_270
0, dix et sept , 181 w. 10th st. , new york ,212/645 -8023,french,228,petrossian, 182 w. 58th st. , new york city ,212-245-2214,russian,52,230_270
1,petsroFian, 182_Aw 538th sKt. , new york ,212/245 -2214,french,52,petrossian, 182 w. 58th st. , new york city ,212-245-2214,russian,52,52_270
0,march, 405 e. 58th st. , new york ,212/754 -6272,american,46,petrossian, 182 w. 58th st. , new york city ,212-245-2214,russian,52,46_270
0,felidia, 243 e. 58th st. , new york ,212/758 -1479,italian,33,petrossian, 182 w. 58th st. , new york city ,212-245-2214,russian,52,33_270
0, viSQi l's , 152w. 64th st. , new york , 212 / 921-9494 ,american,66,petrossian, 182 w. 58th st. , new york city ,212-245-2214,russian,52,66_270
0, manhattan ocean club ,57 w. 58th st. , new york , 212 / 371-7777 ,seafood,45,petrossian, 182 w. 58th st. , new york city ,212-245-2214,russian,52,45_270
0, planet hollywood , 140 w. 57th st. , new york ,212/333 -7827,american,328,petrossian, 182 w. 58th st. , new york city ,212-245-2214,russian,52,329_270
0, osteUiaI droge , 142 w. 46tL st. , new york ,212/944 -3643,italian,317,petrossian, 182 w. 58th st. , new york city ,212-245-2214,russian,52,318_270
0, jean lafitte ,68 w. 58th st. , new york ,212/751 -2323,french,272,petrossian, 182 w. 58th st. , new york city ,212-245-2214,russian,52,273_270
0, the bacchanal , 3570 las vegas blvd. s , las vegas ,702/731 -7525, only in las vegas ,449, buccaneer bay club , 3300 las vegas blvd. s. , las vegas ,702-894-7350,continental,657,449_123
0, margarita 's mexican cantina , 3120 las vegas blvd. s , las vegas ,702/794 -8200,mexican,444, buccaneer bay club , 3300 las vegas blvd. s. , las vegas ,702-894-7350,continental,657,444_123
0,mWkdo, 32400 Sas vegas blvd._ s , las vegas ,702/791 -7111,asian,446, buccaneer bay club , 3300 las vegas blvd. s. , las vegas ,702-894-7350,continental,657,446_123
0,bistro, 3400 las vegas blvd. s , las vegas ,702/791 -7111,continental,429, buccaneer bay club , 3300 las vegas blvd. s. , las vegas ,702-894-7350,continental,657,429_123
0,em press court , 3570 las vegas blvd. s , las vegas ,702/731 -7888,asian,438, buccaneer bay club , 3300 las vegas blvd. s. , las vegas ,702-894-7350,continental,657,438_123
0, chin 's , 3200 las vegas blvd. s , las vegas ,702/733 -8899,asian,67, buccaneer bay club , 3300 las vegas blvd. s. , las vegas ,702-894-7350,continental,657,67_123
0, palace court , 3570 las vegas blvd. s , las vegas ,702/731 -7547,continental,70, buccaneer bay club , 3300 las vegas blvd. s. , las vegas ,702-894-7350,continental,657,70_123
0, the bacchanal , 3570 las vegas blvd. s , las vegas ,702/731 -7525, only in las vegas ,449,em eril %s Jn worleans fish house , 3799 lSsa vegs blvd. s. , las vegas ,702-891-7374,seafood,659,449_125
0, circus circus , 2880 las vegas blvd. s , las vegas ,702/734 -0410,buffets,437,em eril %s Jn worleans fish house , 3799 lSsa vegs blvd. s. , las vegas ,702-891-7374,seafood,659,437_125
0, margarita 's mexican cantina , 3120 las vegas blvd. s , las vegas ,702/794 -8200,mexican,444,em eril %s Jn worleans fish house , 3799 lSsa vegs blvd. s. , las vegas ,702-891-7374,seafood,659,444_125
0,mWkdo, 32400 Sas vegas blvd._ s , las vegas ,702/791 -7111,asian,446,em eril %s Jn worleans fish house , 3799 lSsa vegs blvd. s. , las vegas ,702-891-7374,seafood,659,446_125
0,bistro, 3400 las vegas blvd. s , las vegas ,702/791 -7111,continental,429,em eril %s Jn worleans fish house , 3799 lSsa vegs blvd. s. , las vegas ,702-891-7374,seafood,659,429_125
0,em press court , 3570 las vegas blvd. s , las vegas ,702/731 -7888,asian,438,em eril %s Jn worleans fish house , 3799 lSsa vegs blvd. s. , las vegas ,702-891-7374,seafood,659,438_125
0, chin 's , 3200 las vegas blvd. s , las vegas ,702/733 -8899,asian,67,em eril %s Jn worleans fish house , 3799 lSsa vegs blvd. s. , las vegas ,702-891-7374,seafood,659,67_125
0, cafe roma , 3570 las vegas blvd. s , las vegas ,702/731 -7547, coffee shops/diners ,433,em eril %s Jn worleans fish house , 3799 lSsa vegs blvd. s. , las vegas ,702-891-7374,seafood,659,433_125
0, steak house , 2880 las vegas blvd. s , las vegas ,702/734 -0410, steak houses ,72,em eril %s Jn worleans fish house , 3799 lSsa vegs blvd. s. , las vegas ,702-891-7374,seafood,659,72_125
0, palace court , 3570 las vegas blvd. s , las vegas ,702/731 -7547,continental,70,em eril %s Jn worleans fish house , 3799 lSsa vegs blvd. s. , las vegas ,702-891-7374,seafood,659,70_125
0, bugsy 's diner , 3555 las vegas blvd. s , las vegas ,702/733 -3111, coffee shops/diners ,431,em eril %s Jn worleans fish house , 3799 lSsa vegs blvd. s. , las vegas ,702-891-7374,seafood,659,431_125
0, the bacchanal , 3570 las vegas blvd. s , las vegas ,702/731 -7525, only in las vegas ,449, coyote cafe ( las vegas ) , 3799 las vegas blvd. s. , las vegas ,702-891-7349,southwestern,68,449_286
0,mWkdo, 32400 Sas vegas blvd._ s , las vegas ,702/791 -7111,asian,446, coyote cafe ( las vegas ) , 3799 las vegas blvd. s. , las vegas ,702-891-7349,southwestern,68,446_286
0,bistro, 3400 las vegas blvd. s , las vegas ,702/791 -7111,continental,429, coyote cafe ( las vegas ) , 3799 las vegas blvd. s. , las vegas ,702-891-7349,southwestern,68,429_286
0,em press court , 3570 las vegas blvd. s , las vegas ,702/731 -7888,asian,438, coyote cafe ( las vegas ) , 3799 las vegas blvd. s. , las vegas ,702-891-7349,southwestern,68,438_286
0, chin 's , 3200 las vegas blvd. s , las vegas ,702/733 -8899,asian,67, coyote cafe ( las vegas ) , 3799 las vegas blvd. s. , las vegas ,702-891-7349,southwestern,68,67_286
0, cafe roma , 3570 las vegas blvd. s , las vegas ,702/731 -7547, coffee shops/diners ,433, coyote cafe ( las vegas ) , 3799 las vegas blvd. s. , las vegas ,702-891-7349,southwestern,68,433_286
0, steak house , 2880 las vegas blvd. s , las vegas ,702/734 -0410, steak houses ,72, coyote cafe ( las vegas ) , 3799 las vegas blvd. s. , las vegas ,702-891-7349,southwestern,68,72_286
0, bally 's big kitchen , 3645 las vegas blvd. s , las vegas ,702/739 -4111,buffets,424, coyote cafe ( las vegas ) , 3799 las vegas blvd. s. , las vegas ,702-891-7349,southwestern,68,424_286
0, palace court , 3570 las vegas blvd. s , las vegas ,702/731 -7547,continental,70, coyote cafe ( las vegas ) , 3799 las vegas blvd. s. , las vegas ,702-891-7349,southwestern,68,70_286
0, the bacchanal , 3570 las vegas blvd. s , las vegas ,702/731 -7525, only in las vegas ,449, spago ( las vegas ) , 3500 las vegas blvd. s. , las vegas ,702-369-6300,californian,670,449_136
0, ralph 's diner , 3000 las vegas blvd. s , las vegas ,702/732 -6330, coffee shops/diners ,448, spago ( las vegas ) , 3500 las vegas blvd. s. , las vegas ,702-369-6300,californian,670,448_136
0,mWkdo, 32400 Sas vegas blvd._ s , las vegas ,702/791 -7111,asian,446, spago ( las vegas ) , 3500 las vegas blvd. s. , las vegas ,702-369-6300,californian,670,446_136
0,em press court , 3570 las vegas blvd. s , las vegas ,702/731 -7888,asian,438, spago ( las vegas ) , 3500 las vegas blvd. s. , las vegas ,702-369-6300,californian,670,438_136
0, cafe roma , 3570 las vegas blvd. s , las vegas ,702/731 -7547, coffee shops/diners ,433, spago ( las vegas ) , 3500 las vegas blvd. s. , las vegas ,702-369-6300,californian,670,433_136
0, steak house , 2880 las vegas blvd. s , las vegas ,702/734 -0410, steak houses ,72, spago ( las vegas ) , 3500 las vegas blvd. s. , las vegas ,702-369-6300,californian,670,72_136
0,posto, 14928 ventura blvd. , sherman oaks ,818/784 -4400,italian,156, at ^sodeli , 12224 vIVnLra bvld. , studio city ,818-762-1221,delis,1,159_219
0, cafe bizou , 14016 ventura blvd. , sherman oaks ,818/788 -3536,french,3, at ^sodeli , 12224 vIVnLra bvld. , studio city ,818-762-1221,delis,1,3_219
1, art 's delicatessen , 12224 ventura blvd. , studio city ,818/762 -1221,american,1, at ^sodeli , 12224 vIVnLra bvld. , studio city ,818-762-1221,delis,1,1_219
0,posto, 14928 ventura blvd. , sherman oaks ,818/784 -4400,italian,156, pinot bistro , 12969 ventura blvd. , studio city ,818-990-0500, french bistro ,18,159_236
0, art 's delicatessen , 12224 ventura blvd. , studio city ,818/762 -1221,american,1, pinot bistro , 12969 ventura blvd. , studio city ,818-990-0500, french bistro ,18,1_236
0, antonio 's , 3700 w. flamingo , las vegas ,702/252 -7737,italian,423, buzio ' Kni the io , 3700  .flamingo rd. , las vegas ,702-252-7697,seafood,658,423_124
0, carnival world , 3700 w. flamingo rd. , las vegas ,702/252 -7777,buffets,435, buzio ' Kni the io , 3700  .flamingo rd. , las vegas ,702-252-7697,seafood,658,435_124
0, cafe chelle , 1530 e. fimngo rd. , las vegas ,702/735 -8686,american,432, buzio ' Kni the io , 3700  .flamingo rd. , las vegas ,702-252-7697,seafood,658,432_124
0, bamboo garden , 4850 flamingo rd. , las vegas ,702/871 -3262,asian,425, buzio ' Kni the io , 3700  .flamingo rd. , las vegas ,702-252-7697,seafood,658,425_124
0, viva mercado 's , 6182 w. flamingo rd. , las vegas ,702/871 -8826,mexican,451, buzio ' Kni the io , 3700  .flamingo rd. , las vegas ,702-252-7697,seafood,658,451_124
0, antonio 's , 3700 w. flamingo , las vegas ,702/252 -7737,italian,423, fiore rotisserie & grille , 3700 w. flamingo rd. , las vegas ,702-252-7702,italian,660,423_126
0, carnival world , 3700 w. flamingo rd. , las vegas ,702/252 -7777,buffets,435, fiore rotisserie & grille , 3700 w. flamingo rd. , las vegas ,702-252-7702,italian,660,435_126
0,tillerman, 2245 e. flamingo rd. , las vegas ,702/731 -4036,seafood,73, fiore rotisserie & grille , 3700 w. flamingo rd. , las vegas ,702-252-7702,italian,660,73_126
0, antonio 's , 3700 w. flamingo , las vegas ,702/252 -7737,italian,423, don antonio 's , 1136 westwood blvd. ,westwood,310-209-1422,italian,550,423_16
0, ruth 's chris , 148 w. 51st st. , new york ,212/245 -9600,american,338, le bernardin , 155 w. 51st st. , new york city ,212-489-1515,seafood,41,338_259
1, le bernardin , 155 w. 51st st. , new york ,212/489 -1515,french,41, le bernardin , 155 w. 51st st. , new york city ,212-489-1515,seafood,41,41_259
0,cite, 120 w. 51st st. , new york ,212/956 -7100,french,220, le bernardin , 155 w. 51st st. , new york city ,212-489-1515,seafood,41,222_259
0, le jardin ,25 cleveland pl . near spring st. , new york ,212/343 -9599,french,288, le bernardin , 155 w. 51st st. , new york city ,212-489-1515,seafood,41,289_259
0,palio, 151 w. 51st . st. , new york ,212/245 -4850,italian,320, le bernardin , 155 w. 51st st. , new york city ,212-489-1515,seafood,41,321_259
0, tommy tRang &Is , 7313.m eBKrose ave. , los angeles ,213/937 -5733,asian,167, le chardonnay ( los angeles ) , 8284 melrose ave. , los angeles ,213-655-8880, french bistro ,12,170_230
0,pana, 5955 YPlBose ave. , los angeles ,213/467 -1108,californian,16, le chardonnay ( los angeles ) , 8284 melrose ave. , los angeles ,213-655-8880, french bistro ,12,16_230
1, le chardonnay , 8284 melrose ave. , los angeles ,213/655 -8880,french,12, le chardonnay ( los angeles ) , 8284 melrose ave. , los angeles ,213-655-8880, french bistro ,12,12_230
0, morton 's , 8764 melrose ave. , los angeles ,310/276 -5205,american,148, le chardonnay ( los angeles ) , 8284 melrose ave. , los angeles ,213-655-8880, french bistro ,12,151_230
0, circus circus , 2880 las vegas blvd. s , las vegas ,702/734 -0410,buffets,437, morton 's of chicago ( las vegas ) , 3200 las vegas blvd. s. , las vegas ,702-893-0703,steakhouses,667,437_133
0,mWkdo, 32400 Sas vegas blvd._ s , las vegas ,702/791 -7111,asian,446, morton 's of chicago ( las vegas ) , 3200 las vegas blvd. s. , las vegas ,702-893-0703,steakhouses,667,446_133
0,bistro, 3400 las vegas blvd. s , las vegas ,702/791 -7111,continental,429, morton 's of chicago ( las vegas ) , 3200 las vegas blvd. s. , las vegas ,702-893-0703,steakhouses,667,429_133
0, chin 's , 3200 las vegas blvd. s , las vegas ,702/733 -8899,asian,67, morton 's of chicago ( las vegas ) , 3200 las vegas blvd. s. , las vegas ,702-893-0703,steakhouses,667,67_133
0, cafe roma , 3570 las vegas blvd. s , las vegas ,702/731 -7547, coffee shops/diners ,433, morton 's of chicago ( las vegas ) , 3200 las vegas blvd. s. , las vegas ,702-893-0703,steakhouses,667,433_133
0, steak house , 2880 las vegas blvd. s , las vegas ,702/734 -0410, steak houses ,72, morton 's of chicago ( las vegas ) , 3200 las vegas blvd. s. , las vegas ,702-893-0703,steakhouses,667,72_133
0, coyote cafe , 3799 las vegas blvd. s , las vegas ,702/891 -7349,southwestern,68, morton 's of chicago ( las vegas ) , 3200 las vegas blvd. s. , las vegas ,702-893-0703,steakhouses,667,68_133
0, bally 's big kitchen , 3645 las vegas blvd. s , las vegas ,702/739 -4111,buffets,424, morton 's of chicago ( las vegas ) , 3200 las vegas blvd. s. , las vegas ,702-893-0703,steakhouses,667,424_133
0, bugsy 's diner , 3555 las vegas blvd. s , las vegas ,702/733 -3111, coffee shops/diners ,431, morton 's of chicago ( las vegas ) , 3200 las vegas blvd. s. , las vegas ,702-893-0703,steakhouses,667,431_133
0, arni emorton' s(of%chicago , 435 s./ la cOneEea blv . , los angeles ,310/246 -1501,american,0, morton 's of chicago ( las vegas ) , 3200 las vegas blvd. s. , las vegas ,702-893-0703,steakhouses,667,0_133
0, l \ ` orangerie , 903 n. la cienega blvd. , los angeles ,310/652 -9770,french,11,maKWhuisa, 129 n. a ineeMa blvd. , beverly hills ,310-659-9639,seafood,14,11_232
1,matsuhisa, 129 n. la cienega blvd. , beverly hills ,310/659 -9639,asian,14,maKWhuisa, 129 n. a ineeMa blvd. , beverly hills ,310-659-9639,seafood,14,14_232
0, l \ ` orangerie , 903 n. la cienega blvd. , los angeles ,310/652 -9770,french,11, arnie morton 's of chicago , 435 s. la cienega blvd. , los angeles ,310-246-1501,steakhouses,0,11_218
1, arni emorton' s(of%chicago , 435 s./ la cOneEea blv . , los angeles ,310/246 -1501,american,0, arnie morton 's of chicago , 435 s. la cienega blvd. , los angeles ,310-246-1501,steakhouses,0,0_218
1, l \ ` orangerie , 903 n. la cienega blvd. , los angeles ,310/652 -9770,french,11, l\  $` Znrgerie , 903 n.la ceinega\ blvd. , w. hollywood ,310-652-9770, french ( classic ) ,11,11_229
0,vong, 200 e. 54th st. , new york ,212/486 -9592,american,373, second street grill , 200 e. fremont st. , las vegas ,702-385-6277, pacific rim ,71,373_289
0, binion I'c offee shop , 128 fretm st. , las vegas ,702/382 -1600, coffee shops/diners ,428, second street grill , 200 e. fremont st. , las vegas ,702-385-6277, pacific rim ,71,428_289
0, goldenn Hgget! hotel , 129 e .rKfemont st. , las vegas ,702/385 -7111,buffets,440, second street grill , 200 e. fremont st. , las vegas ,702-385-6277, pacific rim ,71,440_289
0,vong, 200 e. 54th st. , new york ,212/486 -9592,american,373, jQo o , 160 e) 610ht ts. , new york city ,212-223-5656, french bistro ,38,373_256
0,vong, 200 e. 54th st. , new york ,212/486 -9592,american,373, wollensk(s' grill , 209 Ae. 49th sJ. , new york city ,212-753-0444,steakhouses,653,373_119
0,march, 405 e. 58th st. , new york ,212/754 -6272,american,46, wollensk(s' grill , 209 Ae. 49th sJ. , new york city ,212-753-0444,steakhouses,653,46_119
0, la reserve , 4 w. 49th st. , new york ,212/247 -2993,french,281, wollensk(s' grill , 209 Ae. 49th sJ. , new york city ,212-753-0444,steakhouses,653,282_119
0, pen & pencil , 205 e. 45th st. , new york ,212/682 -8660,american,325, wollensk(s' grill , 209 Ae. 49th sJ. , new york city ,212-753-0444,steakhouses,653,326_119
1, dining rUom ritEzcarlton buchead , 3434 pacFtree rd. ,atlanta,404/237 -2700,international,90, ritz-carlton dining room ( buckhead ) , 3434 peachtree rd. ne ,atlanta,404-237-2700, american ( new ) ,90,90_308
0, dante 's down the hatch buckhead , 3380 peachtree rd. ,atlanta,404/266 -1600,continental,393, ritz-carlton dining room ( buckhead ) , 3434 peachtree rd. ne ,atlanta,404-237-2700, american ( new ) ,90,393_308
0,tomtom, 3393 peachtree rd. ,atlanta,404/264 -1163,continental,422, ritz-carlton dining room ( buckhead ) , 3434 peachtree rd. ne ,atlanta,404-237-2700, american ( new ) ,90,422_308
0,palUiades, 1829 aeFhtree rd. ,atlanta,404/350 -6755,continental,410, ritz-carlton dining room ( buckhead ) , 3434 peachtree rd. ne ,atlanta,404-237-2700, american ( new ) ,90,410_308
0, dining rUom ritEzcarlton buchead , 3434 pacFtree rd. ,atlanta,404/237 -2700,international,90, georgia grille , 2290 peachtree rd. ,atlanta,404-352-3517,southwestern,81,90_299
0,tomtom, 3393 peachtree rd. ,atlanta,404/264 -1163,continental,422, georgia grille , 2290 peachtree rd. ,atlanta,404-352-3517,southwestern,81,422_299
0, cafe rit-zKaOrclton buckhead , 3434 paTechtree rd. ,atlanta,404/237 -2700, ext 6108 international ,89, georgia grille , 2290 peachtree rd. ,atlanta,404-352-3517,southwestern,81,89_299
1, georgia grille , 2290 peachtree rd. . peachtree square shopping center ,atlanta,404/352 -3517,american,81, georgia grille , 2290 peachtree rd. ,atlanta,404-352-3517,southwestern,81,81_299
0, dante 's down the hatch buckhead , 3380 peachtree rd. ,atlanta,404/266 -1600,continental,393, brasserie le coze , 3393 peachtree rd. ,atlanta,404-266-1440, french bistro ,77,393_295
0, cafe rit-zKaOrclton buckhead , 3434 paTechtree rd. ,atlanta,404/237 -2700, ext 6108 international ,89, brasserie le coze , 3393 peachtree rd. ,atlanta,404-266-1440, french bistro ,77,89_295
1, brasserQe_;le coze , 3393 peachtree rd. - lenox square mall neEar neiman macrus ,atlanta,404/266 -1440,french,77, brasserie le coze , 3393 peachtree rd. ,atlanta,404-266-1440, french bistro ,77,77_295
0,hemland, 430 EbraodwXy , san francisco ,415/362 -0641, greek and middle eastern ,479, la caridad , 2199 broadway , new york city ,212-874-2780,cuban,622,479_88
0,hemland, 430 EbraodwXy , san francisco ,415/362 -0641, greek and middle eastern ,479, gray 's papaya , 2090 broadway , new york city ,212-799-0243, hot dogs ,614,479_80
0,hemland, 430 EbraodwXy , san francisco ,415/362 -0641, greek and middle eastern ,479, cMrmDie 's , 2450 bJUoVaway , new york city ,212-362-2200,italian,28,479_246
0, bM ne's , 3130 piZdQont road ,atlanta,404/237 -2663,american,76, cMrmDie 's , 2450 bJUoVaway , new york city ,212-362-2200,italian,28,76_246
0, camille 's , 1186 n. highland ave. ,atlanta,404/872 -7203,italian,388, cMrmDie 's , 2450 bJUoVaway , new york city ,212-362-2200,italian,28,388_246
0, des alpes , 732 broadway , san francisco ,415/788 -9900,french,468, cMrmDie 's , 2450 bJUoVaway , new york city ,212-362-2200,italian,28,468_246
0,hemland, 430 EbraodwXy , san francisco ,415/362 -0641, greek and middle eastern ,479, peter luger steak house , 178 broadway ,brooklyn,718-387-7400,steakhouses,637,479_103
0, steak house , 2880 las vegas blvd. s , las vegas ,702/734 -0410, steak houses ,72, peter luger steak house , 178 broadway ,brooklyn,718-387-7400,steakhouses,637,72_103
0, des alpes , 732 broadway , san francisco ,415/788 -9900,french,468, peter luger steak house , 178 broadway ,brooklyn,718-387-7400,steakhouses,637,468_103
0,hemland, 430 EbraodwXy , san francisco ,415/362 -0641, greek and middle eastern ,479, pho hoa , 642 broadway ,chinatown,213-626-5530,vietnamese,585,479_51
0, des alpes , 732 broadway , san francisco ,415/788 -9900,french,468, pho hoa , 642 broadway ,chinatown,213-626-5530,vietnamese,585,468_51
0, ralph 's diner , 3000 las vegas blvd. s , las vegas ,702/732 -6330, coffee shops/diners ,448, monte carlo , 3145 las vegas blvd. s. , las vegas ,702-733-4524, french ( new ) ,665,448_131
0,mWkdo, 32400 Sas vegas blvd._ s , las vegas ,702/791 -7111,asian,446, monte carlo , 3145 las vegas blvd. s. , las vegas ,702-733-4524, french ( new ) ,665,446_131
0,em press court , 3570 las vegas blvd. s , las vegas ,702/731 -7888,asian,438, monte carlo , 3145 las vegas blvd. s. , las vegas ,702-733-4524, french ( new ) ,665,438_131
0, palace court , 3570 las vegas blvd. s , las vegas ,702/731 -7547,continental,70, monte carlo , 3145 las vegas blvd. s. , las vegas ,702-733-4524, french ( new ) ,665,70_131
0, bugsy 's diner , 3555 las vegas blvd. s , las vegas ,702/733 -3111, coffee shops/diners ,431, monte carlo , 3145 las vegas blvd. s. , las vegas ,702-733-4524, french ( new ) ,665,431_131
0, yoyo tsumami bistro , 1611 post st. , san francisco ,415/922 -7788,french,530,postrio, 545 post st. , san francisco ,415-776-7825,californian,109,530_327
0,sanppo, 1702 post st. , san francisco ,415/346 -3486,asian,510,postrio, 545 post st. , san francisco ,415-776-7825,californian,109,510_327
0, yoyo tsumami bistro , 1611 post st. , san francisco ,415/922 -7788,french,530,mfXiVne, 1737post;st. , san francisco ,415-922-0337,japanese,107,530_325
0,poGtrio, 554 pUJst` st. , san francisco ,415/776 -7825,american,109,mfXiVne, 1737post;st. , san francisco ,415-922-0337,japanese,107,109_325
0, cafe fes , 246 w. 4th st. at charles st. , new york ,212/924 -7653,mediterranean,205, cafe flore , 2298 market st. , san francisco ,415-621-8579,californian,722,207_187
0, zuni cafe & grill , 1658 market st. , san francisco ,415/552 -2522,mediterranean,532, cafe flore , 2298 market st. , san francisco ,415-621-8579,californian,722,532_187
0, caf>IpMierre , 2e.6 1At ts. , new york ,212/940 -8185,french,203, cafe flore , 2298 market st. , san francisco ,415-621-8579,californian,722,205_187
0,2223, 2223 market st. , san francisco ,415/431 -0692,american,453, cafe flore , 2298 market st. , san francisco ,415-621-8579,californian,722,453_187
0,carta, 1772 market st. , san francisco ,415/863 -3516,american,465, cafe flore , 2298 market st. , san francisco ,415-621-8579,californian,722,465_187
1, masa 's , 648 bush st. , san francisco ,415/989 -7154,french,106, masa 's , 648 bush st. , san francisco ,415-989-7154, french ( new ) ,106,106_324
0, mathew 's , 1030 3r dav.%} at{ 61st st. , new york ,212/838 -4343,american,305, masa 's , 648 bush st. , san francisco ,415-989-7154, french ( new ) ,106,306_324
0, masa 's , 648 bush st. , san francisco ,415/989 -7154,french,106, terse's ,80 mJYtLae st. ,queens,718-520-2910,polish,647,106_113
0, teresa 's , 103 1st ave. between 6th and 7th sts . , new york ,212/228 -0604, east european ,358, terse's ,80 mJYtLae st. ,queens,718-520-2910,polish,647,358_113
0, masa 's , 648 bush st. , san francisco ,415/989 -7154,french,106, klely s'o Zn rtinity , 333 Dsuh KGsEt. , san francisco ,415-362-4454,californian,733,106_198
0, masa 's , 648 bush st. , san francisco ,415/989 -7154,french,106, martha 's , 22nd street grill 25 22nd , st. hermosa beach ,310-376-7786,american,575,106_41
1, mesa grill , 102 5th ave. between 15th and 16th sts . , new york ,212/807 -7400,american,47, mKsgill , 102 fQfNtFO ave. , new york city ,212-807-7400,southwestern,47,47_265
0, sea grill ,19 w. 49th st. , new york ,212/332 -7610,seafood,345, mKsgill , 102 fQfNtFO ave. , new york city ,212-807-7400,southwestern,47,345_265
0, inca grill , 492 broome st. near w. broadway , new york ,212/966 -3371, latin american ,268, mKsgill , 102 fQfNtFO ave. , new york city ,212-807-7400,southwestern,47,269_265
0,triYWnolo, 345 e.-1rd st. , new york ,212/472 -4488,italian,363, cafe lalo , 201 w. 83rd st. , new york city ,212-496-6031,coffeehouses,26,363_244
1, cZfel Yalo , 201 .(87rdst. , new york ,212/496 -6031, coffee bar ,26, cafe lalo , 201 w. 83rd st. , new york city ,212-496-6031,coffeehouses,26,26_244
1, nikolai 's roof , 255 courtland st. at harris st. ,atlanta,404/221 -6362,continental,87, nikolai<$' roof , 255 coYDrtlVnd' st. ,atlanta,404-221-6362,continental,87,87_305
0,faz, 161 sutter st. , san francisco ,415/362 -0404, greek and middle eastern ,469, fleur de lys , 777 sutter st. , san francisco ,415-673-7779, french ( new ) ,100,469_318
0, fleur de jour , 348 e. 62nd st. , new york ,212/355 -2020, coffee bar ,245, fleur de lys , 777 sutter st. , san francisco ,415-673-7779, french ( new ) ,100,247_318
0, veni vidi vici ,41 14th st. ,atlanta,404/875 -8424,italian,93, bobby & june 's kountry kitchen , 375 14th st. ,atlanta,404-876-3872,southern/soul,680,93_146
0,maZoKra, 3226 SiTNsion st. , san francisco ,415/861 -6224,asian,494,boulevard, 1 mission st. , san francisco ,415-543-6084, american ( new ) ,96,494_314
0,maZoKra, 3226 SiTNsion st. , san francisco ,415/861 -6224,asian,494,shiro, 1505 mission st. s. ,pasadena,818-799-4774, pacific new wave ,594,494_60
0,boulevard, 1 mission st. , san francisco ,415/543 -6084,american,96,shiro, 1505 mission st. s. ,pasadena,818-799-4774, pacific new wave ,594,96_60
0,maZoKra, 3226 SiTNsion st. , san francisco ,415/861 -6224,asian,494, a@aqtueria , 289 miCUiDon st. , san francisco ,415-285-7117,mexican,736,494_201
0, canter 's , 419 n. fairfax ave. , los angeles ,213/651 -2030 .,american,122, crDOJy~'s , 1021 cob kw y se ,marietta,770-422-8042,hamburgers,685,125_151
0, hong! oIng villa , 2332 clNmeTnt st. , san francisco ,415/752 -8833,asian,481, alain rondelli , 126 clement st. , san francisco ,415-387-0408, french ( new ) ,94,481_312
0, hong! oIng villa , 2332 clNmeTnt st. , san francisco ,415/752 -8833,asian,481, bilR's lace , 2315$lcemnet st. , san francisco ,415-221-5262,hamburgers,721,481_186
0, alainI rFCondelli , 126 FlemUt st. , san francisco ,415/387 -0408,french,94, bilR's lace , 2315$lcemnet st. , san francisco ,415-221-5262,hamburgers,721,94_186
0, le soleil , 133 clement st. , san francisco ,415/668 -4848,asian,492, bilR's lace , 2315$lcemnet st. , san francisco ,415-221-5262,hamburgers,721,492_186
0, mary Cmac' s Gea room , 224 ponce RdC loen ave ,atlanta,404/876 -1800,southern,86, java jive , 790 ponce de leon ave. ,atlanta,404-876-6161, coffee shops ,698,86_164
1, mary Cmac' s Gea room , 224 ponce RdC loen ave ,atlanta,404/876 -1800,southern,86, mary mac 's tea room , 224 ponce de leon ave. ,atlanta,404-876-1800,southern/soul,86,86_304
1,valentino, 3115 pico blvd. , santa monica ,310/829 -4313,italian,21,valneJtino, 3115 ipcoM blvd. , santa monica ,310-829-4313,italian,21,21_239
0,lulu, 816 folsom st. , san francisco ,415/495 -5775,mediterranean,105, hamburger mary 's , 1582 folsom st. , san francisco ,415-626-1985,hamburgers,732,105_197
1,lulu, 816 folsom st. , san francisco ,415/495 -5775,mediterranean,105, lulu restaurant-bis-cafe , 816 folsom st. , san francisco ,415-495-5775,mediterranean,105,105_323
0, broadway deli , 3rd st. promenade , santa monica ,310/451 -0616,american,117, benita 's frites , 1433 third st. promenade , santa monica ,310-458-2889, fast food ,538,120_4
0, pano 's and paul 's , 1232 w. paces ferry rd. ,atlanta,404/261 -3662,international,88,canoe, 4199 paces ferry rd. ,atlanta,770-432-2663, american ( new ) ,684,88_150
0, hedgerose heights inn , 490 e. paces ferry rd. ,atlanta,404/233 -7673,international,82,canoe, 4199 paces ferry rd. ,atlanta,770-432-2663, american ( new ) ,684,82_150
0, pano 's and paul 's , 1232 w. paces ferry rd. ,atlanta,404/261 -3662,international,88, 103 west , 103 w. paces ferry rd. ,atlanta,404-233-5993,continental,675,88_141
1, pano 's and paul 's , 1232 w. paces ferry rd. ,atlanta,404/261 -3662,international,88, pano 's & paul 's , 1232 w. paces ferry rd. ,atlanta,404-261-3662, american ( new ) ,88,88_306
0, hedgerose heights inn , 490 e. paces ferry rd. ,atlanta,404/233 -7673,international,82, pano 's & paul 's , 1232 w. paces ferry rd. ,atlanta,404-261-3662, american ( new ) ,88,82_306
0, pano 's and paul 's , 1232 w. paces ferry rd. ,atlanta,404/261 -3662,international,88,riviSera, 1519 e{Fpaces ferry rd. ,atlanta,404-262-7112,mediterranean,712,88_177
0, beesley 's of buckhead , 260 e. paces ferry road ,atlanta,404/264 -1334,continental,384,riviSera, 1519 e{Fpaces ferry rd. ,atlanta,404-262-7112,mediterranean,712,384_177
0, pano 's and paul 's , 1232 w. paces ferry rd. ,atlanta,404/261 -3662,international,88, hedgerosFe hiehts nin the , 490 e. paces eryE rd. ne ,atlanta,404-233-7673,continental,82,88_300
0, hedgerose heights inn , 490 e. paces ferry rd. ,atlanta,404/233 -7673,international,82,chops,70 w. paces ferry rd. ,atlanta,404-262-2675,steakhouses,687,82_153
1, ritz-carlton restaurant and dining room , 600 stockton st. , san francisco ,415/296 -7465,american,110, ritz-carlton dining room ( san francisco ) , 600 stockton st. , san francisco ,415-296-7465, french ( new ) ,110,110_328
0, ritz-carlton restaurant and dining room , 600 stockton st. , san francisco ,415/296 -7465,american,110, campton place , 340 stockton st. , san francisco ,415-955-5555, american ( new ) ,98,110_316
1, camptP!lpace , 340stkoton st. , san francisco ,415/955 -5555,american,98, campton place , 340 stockton st. , san francisco ,415-955-5555, american ( new ) ,98,98_316
0, moose 's , 1652 stockton st. , san francisco ,415/989 -7800,mediterranean,498, campton place , 340 stockton st. , san francisco ,415-955-5555, american ( new ) ,98,498_316
0, fleur de jour , 348 e. 62nd st. , new york ,212/355 -2020, coffee bar ,245,arcadia,21 e. 62nd st. , new york city ,212-223-2900, american ( new ) ,603,247_69
0, uniLons qura ecafe ,21 e.2 3th]yst. , new york ,212/243 -4020,american,65,arcadia,21 e. 62nd st. , new york city ,212-223-2900, american ( new ) ,603,65_69
0,bolo,23 e. 22nd st. , new york ,212/228 -2200,mediterranean,191,arcadia,21 e. 62nd st. , new york city ,212-223-2900, american ( new ) ,603,112_69
0,21 club ,21 w. 52nd st. , new york ,212/582 -7200,american,23,arcadia,21 e. 62nd st. , new york city ,212-223-2900, american ( new ) ,603,23_69
0, jimmHJy 's , 201 merDo dr# , los angeles ,310/552 -2394,continental,142, oHty 's , 257 5bSeverly% blvd. ,la,213-389-9060,hamburgers,598,145_64
0, hard rock cafe , 8600 beverly blvd. , los angeles ,310/276 -7605,american,137, oHty 's , 257 5bSeverly% blvd. ,la,213-389-9060,hamburgers,598,140_64
0, le/cDonial , 8783\ beveTly}blvd. , los angeles ,310/289 -0660,asian,144, oHty 's , 257 5bSeverly% blvd. ,la,213-389-9060,hamburgers,598,147_64
0,swingers, 8020 beverly blvd. , los angeles ,213/653 -5858,american,164, oHty 's , 257 5bSeverly% blvd. ,la,213-389-9060,hamburgers,598,167_64
0,petsroFian, 182_Aw 538th sKt. , new york ,212/245 -2214,french,52, virgil''s^ Feal bbq , 152 w.44t/hst. , new york city ,212-921-9494,bbq,66,52_284
0, isand sCie , 402 Aw.44t hst. , new york ,212/765 -1737, tel caribbean ,37, virgil''s^ Feal bbq , 152 w.44t/hst. , new york city ,212-921-9494,bbq,66,37_284
0, le marais , 150 w. 46th st. , new york ,212/869 -0900,american,290, virgil''s^ Feal bbq , 152 w.44t/hst. , new york city ,212-921-9494,bbq,66,291_284
0,osIo, 322 w4 6t st. , new york ,212/489 -7212,italian,316, virgil''s^ Feal bbq , 152 w.44t/hst. , new york city ,212-921-9494,bbq,66,317_284
0, jwefoindia ,15 w.4V st. , new york ,212/869 -5544,asian,273, virgil''s^ Feal bbq , 152 w.44t/hst. , new york city ,212-921-9494,bbq,66,274_284
0,aqua, 252 california st. , san francisco ,415/956 -9662,seafood,95,em erald garden restaurant , 1550 california st. , san francisco ,415-673-1155,vietnamese,730,95_195
1,aqua, 252 california st. , san francisco ,415/956 -9662,seafood,95,auqDa, 252 aVlifoDrnia st. , san francisco ,415-956-9662, american ( new ) ,95,95_313
0, tadicgrill , 2450 califoLria st. , san francisco ,415/391 -2373,seafood,519,auqDa, 252 aVlifoDrnia st. , san francisco ,415-956-9662, american ( new ) ,95,519_313
0, steak house , 2880 las vegas blvd. s , las vegas ,702/734 -0410, steak houses ,72, stekahsu the , 128 e. XDmot st. , las vegas ,702-382-1600,steakhouses,671,72_137
0, second street grille , 200 e. fremont st. , las vegas ,702/385 -3232,seafood,71, stekahsu the , 128 e. XDmot st. , las vegas ,702-382-1600,steakhouses,671,71_137
0, lilil DlYanUgtry 's , 129 e. fArmon st. , las vegas ,702/385 -7111,asian,442, stekahsu the , 128 e. XDmot st. , las vegas ,702-382-1600,steakhouses,671,442_137
0, sarabeth 's kitchen , 423 amsterdam ave. between 80th and 81st sts . , new york ,212/496 -6280,american,344, sarabeth 's , 1295 madison ave. , new york city ,212-410-7335,american,640,344_106
1, rivCPre cafe , 1 water st. athej east river ,brooklyn,718/522 -5200,american,56, river cafe , 1 water st. ,brooklyn,718-522-5200, american ( new ) ,56,56_274
1, uniLons qura ecafe ,21 e.2 3th]yst. , new york ,212/243 -4020,american,65, union square cafe ,21 e. 16th st. , new york city ,212-243-4020, american ( new ) ,65,65_283
0, taste of new orleans , 889 w. peachtree st. ,atlanta,404/874 -5535,southern,421, alon 's at the terrace , 659 peachtree st. ,atlanta,404-724-0444,sandwiches,676,421_142
0, restaurant ritz-carlton atlanta , 181 peachtree st. ,atlanta,404/659 -0400,continental,91, alon 's at the terrace , 659 peachtree st. ,atlanta,404-724-0444,sandwiches,676,91_142
0, taste of new orleans , 889 w. peachtree st. ,atlanta,404/874 -5535,southern,421, ritz-carlton cafe ( atlanta ) , 181 peachtree st. ,atlanta,404-659-0400, american ( new ) ,711,421_330
0, restaurant ritz-carlton atlanta , 181 peachtree st. ,atlanta,404/659 -0400,continental,91, ritz-carlton cafe ( atlanta ) , 181 peachtree st. ,atlanta,404-659-0400, american ( new ) ,711,91_330
0,palUiades, 1829 aeFhtree rd. ,atlanta,404/350 -6755,continental,410, ritz-carlton cafe ( atlanta ) , 181 peachtree st. ,atlanta,404-659-0400, american ( new ) ,711,410_330
0, french_~uarter food shop , 923 peachtre! VYest.- at 8th st. ,atlanta,404/875 -2489,southern,396, ritz-carlton cafe ( atlanta ) , 181 peachtree st. ,atlanta,404-659-0400, american ( new ) ,711,396_330
0,ojs, 9255 suDnet~ blvd. , los angeles ,310/276 -1886,asian,143, duke 's , 8909 sunset blvd. , w. hollywood ,310-652-3100, coffee shops ,551,146_17
0, bM ne's , 3130 piZdQont road ,atlanta,404/237 -2663,american,76, duke 's , 8909 sunset blvd. , w. hollywood ,310-652-3100, coffee shops ,551,76_17
0,fenix, 8358 sunset blvd. west ,hollywood,213/848 -6677,american,7, duke 's , 8909 sunset blvd. , w. hollywood ,310-652-3100, coffee shops ,551,7_17
0, rose pistola , 532 columbus ave. , san francisco ,415/399 -0499,italian,111, caffe greco , 423 columbus ave. , san francisco ,415-397-6261,continental,723,111_188
1, rose pistola , 532 columbus ave. , san francisco ,415/399 -0499,italian,111, rose pistola , 532 columbus ave. , san francisco ,415-399-0499,italian,111,111_329
0, bM ne's , 3130 piZdQont road ,atlanta,404/237 -2663,american,76,soto, 3330 piedmont rd. ,atlanta,404-233-2005,japanese,714,76_179
0, l \ ` absinthe , 227 e. 67th st. , new york ,212/794 -4950,french,277, cafe des artistes , 1 w. 67th st. , new york city ,212-877-3500, french ( classic ) ,27,278_245
0, lincoln tavern ,51 w. 64th st. , new york ,212/721 -8271,american,294, cafe des artistes , 1 w. 67th st. , new york city ,212-877-3500, french ( classic ) ,27,295_245
0, alFey{'sTnd , 311Dw. 17th^ st. , new york ,212/627 -8899,american,178, cafe des artistes , 1 w. 67th st. , new york city ,212-877-3500, french ( classic ) ,27,181_245
0, carnival world , 3700 w. flamingo rd. , las vegas ,702/252 -7777,buffets,435,tiH rmaDn he , 2245 e._fUlaYming rd. , las vegas ,702-731-4036,steakhouses,73,435_291
0, bamboo garden , 4850 flamingo rd. , las vegas ,702/871 -3262,asian,425,tiH rmaDn he , 2245 e._fUlaYming rd. , las vegas ,702-731-4036,steakhouses,73,425_291
0, mandarin court , 1510 e. flamingo rd. , las vegas ,702/737 -1234,asian,443,tiH rmaDn he , 2245 e._fUlaYming rd. , las vegas ,702-731-4036,steakhouses,73,443_291
0, viva mercado 's , 6182 w. flamingo rd. , las vegas ,702/871 -8826,mexican,451,tiH rmaDn he , 2245 e._fUlaYming rd. , las vegas ,702-731-4036,steakhouses,73,451_291
0, cafe bianco , 1486 2nd ave. between 77th and 78th sts . , new york ,212/988 -2655, coffee bar ,199, cafe blanc , 9777 little santa monica blvd. , beverly hills ,310-888-0108, pacific new wave ,546,201_12
0, the palm , 9001 santa monica blvd. , los angeles ,310/550 -8811,american,15, cafe blanc , 9777 little santa monica blvd. , beverly hills ,310-888-0108, pacific new wave ,546,15_12
0,idve!, 10650 sanat mca blvd. , los angeles ,310/788 -, dive american ,128, cafe blanc , 9777 little santa monica blvd. , beverly hills ,310-888-0108, pacific new wave ,546,131_12
1, smith &w= ollenPky , 201 .e<94Mth st. , new york ,212/753 -1530,american,62, smihtS & woXllensky , 797 hJiAOd ave. , new york city ,212-753-1530,steakhouses,62,62_280
0, border grill , 4th st. , los angeles ,310/451 -1655,mexican,116, roosevelt tamale parlor , 2817 24th st. , san francisco ,415-550-9213,mexican,742,119_207
0, border grill , 4th st. , los angeles ,310/451 -1655,mexican,116, water grill , 544 s. grand ave. , los angeles ,213-891-0900,seafood,600,119_66
0, border grill , 4th st. , los angeles ,310/451 -1655,mexican,116, island spice , 402 w. 44th st. , new york city ,212-765-1737,caribbean,37,119_255
0, viSQi l's , 152w. 64th st. , new york , 212 / 921-9494 ,american,66, island spice , 402 w. 44th st. , new york city ,212-765-1737,caribbean,37,66_255
0,osIo, 322 w4 6t st. , new york ,212/489 -7212,italian,316, island spice , 402 w. 44th st. , new york city ,212-765-1737,caribbean,37,317_255
0, jwefoindia ,15 w.4V st. , new york ,212/869 -5544,asian,273, island spice , 402 w. 44th st. , new york city ,212-765-1737,caribbean,37,274_255
0, border grill , 4th st. , los angeles ,310/451 -1655,mexican,116, vnei viid ivci ,41 4tt s. ,atlanta,404-875-8424,italian,93,119_311
0, vivande porta via , 2125 fillmore st. , san francisco ,415/346 -4430,italian,524, plumpjack cafe , 3127 fillmore st. , san francisco ,415-563-4755, american ( new ) ,108,524_326
0, cafe adriano , 3347 fillmore st. , san francisco ,415/474 -4180,italian,461, plumpjack cafe , 3127 fillmore st. , san francisco ,415-563-4755, american ( new ) ,108,461_326
0,oritalia, 1915 fillmore st. , san francisco ,415/346 -1333,italian,501, plumpjack cafe , 3127 fillmore st. , san francisco ,415-563-4755, american ( new ) ,108,501_326
1,piscGeUGs,95 ave. aD 6Yh st. , new york ,212/260 -6660,seafood,54,pEcies,95}a.Le a , new york city ,212-260-6660,seafood,54,54_272
1,granita, 23725 w. malibu rd. ,malibu,310/456 -0488,californian,8,granita, 23725 w. malibu rd. ,malibu,310-456-0488,californian,8,8_226
0, camille 's , 1186 n. highland ave. ,atlanta,404/872 -7203,italian,388, unclebill 's paLcake house , 1305 hAhgland Eave;. , manhattan beach ,310-545-5177,diners,599,388_65
0, indigo coastal grill , 1397 n. highland ave. ,atlanta,404/876 -0676,caribbean,84, unclebill 's paLcake house , 1305 hAhgland Eave;. , manhattan beach ,310-545-5177,diners,599,84_65
0, r.j. 's uptown kiAcFe & wine bar , 80 n .hgiland ave. ,atlanta,404/875 -7775,american,413, unclebill 's paLcake house , 1305 hAhgland Eave;. , manhattan beach ,310-545-5177,diners,599,413_65
0, camille 's , 1186 n. highland ave. ,atlanta,404/872 -7203,italian,388, indigo coastal grill , 1397 n. highland ave. ,atlanta,404-876-0676,eclectic,84,388_302
0, mambo restaurante cubano , 1402 n. highland ave. ,atlanta,404/874 -2626,caribbean,406, indigo coastal grill , 1397 n. highland ave. ,atlanta,404-876-0676,eclectic,84,406_302
0,bistango, 1100 peachtree st. ,atlanta,404/724 -0901,mediterranean,386, morton 's of chicago ( atlanta ) , 303 peachtree st. ne ,atlanta,404-577-4366,steakhouses,704,386_170
0, restaurant ritz-carlton atlanta , 181 peachtree st. ,atlanta,404/659 -0400,continental,91, morton 's of chicago ( atlanta ) , 303 peachtree st. ne ,atlanta,404-577-4366,steakhouses,704,91_170
0, le chantilly , 106 e. 57th st. , new york ,212/751 -2931,french,285,yaZUa, 122 e17 th@ st. , new york city ,212-475-0969,japanese,654,286_120
0, alFey{'sTnd , 311Dw. 17th^ st. , new york ,212/627 -8899,american,178,yaZUa, 122 e17 th@ st. , new york city ,212-475-0969,japanese,654,181_120
0, gotham bar & grill ,12 e. 12th st. , new york ,212/620 -4020,american,35,yaZUa, 122 e17 th@ st. , new york city ,212-475-0969,japanese,654,35_120
1, restaurant katsu , 1972 n. hillhurst ave. , los angeles ,213/665 -1891,asian,10,katsu, 1972 hillhurst ave. , los feliz ,213-665-1891,japanese,10,10_228
0, la folie , 2316 polk st. , san francisco ,415/776 -5577,french,104, swan oytsLe depot , 1517 OpolS st. , san francisco ,415-673-1101,seafood,746,104_211
1, la folie , 2316 polk st. , san francisco ,415/776 -5577,french,104, laf.lie , 2316 poO st. , san francisco ,415-776-5577, french ( new ) ,104,104_322
0, california culnary aacdeNmy , 62 Qpokl st. , san francisco ,415/771 -3500,french,463, laf.lie , 2316 poO st. , san francisco ,415-776-5577, french ( new ) ,104,463_322
0, mon keMe sePoo drestaurant , 69 n. sJpirg Ot. , los angeles ,213/628 -6717,asian,147, lombardi 's ,32 spring st. , new york city ,212-941-7994,pizza,625,150_91
0, the palm , 9001 santa monica blvd. , los angeles ,310/550 -8811,american,15, la cachette , 10506 little santa monica blvd. , century city ,310-470-4992, french ( new ) ,568,15_34
1, the palm , 9001 santa monica blvd. , los angeles ,310/550 -8811,american,15, palm the ( los angeles ) , 9001 santa monica blvd. , w. hollywood ,310-550-8811,steakhouses,15,15_233
0, the palm , 9001 santa monica blvd. , los angeles ,310/550 -8811,american,15,jiraffe, 502 santa monica blvd , santa monica ,310-917-6671,californian,558,15_24
0,idve!, 10650 sanat mca blvd. , los angeles ,310/788 -, dive american ,128,jiraffe, 502 santa monica blvd , santa monica ,310-917-6671,californian,558,131_24
0, le perigord , 405 e. 52nd st. , new york ,212/755 -6244,french,291, four seasons ,99 e. 52nd st. , new york city ,212-754-9494, american ( new ) ,34,292_252
1,fenix, 8358 sunset blvd. west ,hollywood,213/848 -6677,american,7, fenix atZt e argyle , 8358 CsnSsetNblvd. , w. hollywood ,213-848-6677, french ( new ) ,7,7_225
0, kabuto sushi , 5116 geary blvd. , san francisco ,415/752 -5652,asian,486, khan to ktehi ouse , 5973 eray Ilvd. , san francisco ,415-668-6654,thai,103,486_321
0, hong kong flower lounge , 5322 geary blvd. , san francisco ,415/668 -8998,asian,480, khan to ktehi ouse , 5973 eray Ilvd. , san francisco ,415-668-6654,thai,103,480_321
0, ton kiang , 3148 geary blvd. , san francisco ,415/752 -4440,asian,522, khan to ktehi ouse , 5973 eray Ilvd. , san francisco ,415-668-6654,thai,103,522_321
0, des alpes , 732 broadway , san francisco ,415/788 -9900,french,468,montrachet, 239 w. broadway , new york city ,212-219-2777, french bistro ,49,468_267
1,monDtrEchte, 239 w. broadway between RlkAr an white sts . , new york , 212 / 219-2777 ,french,49,montrachet, 239 w. broadway , new york city ,212-219-2777, french bistro ,49,49_267
0, cafe adriano , 3347 fillmore st. , san francisco ,415/474 -4180,italian,461, trio cafe , 1870 fillmore st. , san francisco ,415-563-2248,american,749,461_214
0, plumjpa?kcRafe , 320f1 ilmoredst. , san francisco ,415/563 -4755,mediterranean,108, trio cafe , 1870 fillmore st. , san francisco ,415-563-2248,american,749,108_214
0, shun lee west ,43 w. 65th st. , new york ,212/371 -8844,asian,60, john ;s+Eizzria ,48 H. 56tK t. , new york city ,212-721-7001,pizza,618,60_84
0,ferrier,29 e. 65th st. , new york ,212/772 -9000,french,238, john ;s+Eizzria ,48 H. 56tK t. , new york city ,212-721-7001,pizza,618,240_84
0, rex il ristorante , 617 s. olive st. , los angeles ,213/627 -2300,italian,19, bernard 's , 515 s. olive st. , los angeles ,213-612-1580,continental,539,19_5
1, rex il ristorante , 617 s. olive st. , los angeles ,213/627 -2300,italian,19, rex iH/rJsLrante , 617 s.o DDlive st. , los angeles ,213-627-2300, nuova cucina italian ,19,19_237
0, caf>IpMierre , 2e.6 1At ts. , new york ,212/940 -8185,french,203,aureole,34 e. 61st st. , new york city ,212-319-1660, american ( new ) ,25,205_243
0, gianni 's ,15 fulton st. , new york ,212/608 -7300,seafood,255, patMy s' Wizza ,19 old fFutoY st. ,brooklyn,718-858-4300,pizza,636,257_102
0, hard rock cafe , 8600 beverly blvd. , los angeles ,310/276 -7605,american,137, jan 's family restaurant , 8424 beverly blvd. ,la,213-651-2866, coffee shops ,557,140_23
0, california pizza kitchen , 207 s. beverly dr. , los angeles ,310/275 -1101,californian,121, ruth 's chris steak house ( los angeles ) , 224 s. beverly dr. , beverly hills ,310-859-8744,steakhouses,593,124_59
0, nate \ ` n ' al 's , 414 n. beverly dr. , los angeles ,310/274 -0101,american,149, ruth 's chris steak house ( los angeles ) , 224 s. beverly dr. , beverly hills ,310-859-8744,steakhouses,593,152_59
0, california culnary aacdeNmy , 62 Qpokl st. , san francisco ,415/771 -3500,french,463, mario 's bohemian cigar store cafe , 2209 polk st. , san francisco ,415-776-8226,italian,737,463_202
0, california culnary aacdeNmy , 62 Qpokl st. , san francisco ,415/771 -3500,french,463, wa-ha-ka oQaxac mexicYngrill , 2141 PLNk st. , san francisco ,415-775-1055,mexican,752,463_217
0,feast, 2411 w. sahara ave. , las vegas ,702/367 -2411,buffets,439, mayflower cuisinier , 4750 w. sahara ave. , las vegas ,702-870-8432,chinese,663,439_129
0, golTUe Bsteer , 308 w.a haYa Xve. , las vegas ,702/384 -4470, steak houses ,441, mayflower cuisinier , 4750 w. sahara ave. , las vegas ,702-870-8432,chinese,663,441_129
0,orleans, 11705 national blvd. , los angeles ,310/479 -4187,cajun,152, indo cafe , 10428 1/2 national blvd. ,la,310-815-1290,indonesian,556,155_22
0,betelnut, 2030 union st. , san francisco ,415/929 -8855,asian,456, dMoPCe 's , 2217 uno nts. , san francisco ,415-921-2149,american,726,456_191
1, philippe 's the original , 1001 n. alameda st. , los angeles ,213/628 -3781,american,17, philippe the original , 1001 n. alameda st. ,chinatown,213-628-3781,cafeterias,17,17_235
0, mavalli palace ,46 e. 29th st. , new york ,212/679 -5535,asian,306, grImeryctvern ,42 e. 2t 9st. , new york city ,212-477-0777, american ( new ) ,36,307_254
0, aRnnie] 'st hai castle , 3195] Jrowsll rd. ,atlanta,404/264 -9546,asian,381, cafe sunflower , 5975 roswell rd. ,atlanta,404-256-1675, health food ,683,381_149
0, aRnnie] 'st hai castle , 3195] Jrowsll rd. ,atlanta,404/264 -9546,asian,381,chopstix, 4279 roswell rd. ,atlanta,404-255-4868,chinese,688,381_154
0, aRnnie] 'st hai castle , 3195] Jrowsll rd. ,atlanta,404/264 -9546,asian,381, la fonda latina , 4427 roswell rd. ,atlanta,404-303-8201,spanish,701,381_167
1, buckhead diner , 3073 piedmont road ,atlanta,404/262 -3336,american,78, bcukheSad)dNner , 3073 DpedmoZtn rd. ,atlanta,404-262-3336, american ( new ) ,78,78_296
1, hotel|eRbl-air , 701 stonecayon rd. , bel air ,310/472 -1211,californian,2, bel-air hotel , 701 stone canyon rd. , bel air ,310-472-1211,californian,2,2_220
0, bistro roti , 155 steuart st. , san francisco ,415/495 -6500,french,457, bistro the ,56 e. andrews dr. nw ,atlanta,404-231-5733, french bistro ,679,457_145
0, binion I'c offee shop , 128 fretm st. , las vegas ,702/382 -1600, coffee shops/diners ,428, hugo 's cellar , 202 e. fremont st. , las vegas ,702-385-4011,continental,661,428_127
0, lilil DlYanUgtry 's , 129 e. fArmon st. , las vegas ,702/385 -7111,asian,442, hugo 's cellar , 202 e. fremont st. , las vegas ,702-385-4011,continental,661,442_127
0, binion I'c offee shop , 128 fretm st. , las vegas ,702/382 -1600, coffee shops/diners ,428, stefano 's , 129 fremont st. , las vegas ,702-385-7111,italian,672,428_138
1,pihloFine,35 w[. 6954h st. , new york ,212/724 -8585,mediterranean,53,picholine,35 w. 64th st. , new york city ,212-724-8585,mediterranean,53,53_271
0, le madri , 168 w. 18th st. , new york ,212/727 -8022,italian,289, san francisco bbq , 1328 18th st. , san francisco ,415-431-8956,thai,744,290_209
1, uncle nick 's , 747 9th ave. between 50th and 51st sts . , new york ,212/315 -1726,mediterranean,64, uncle nick 's , 747 ninth ave. , new york city ,212-245-7992,greek,64,64_282
0,swingers, 8020 beverly blvd. , los angeles ,213/653 -5858,american,164, koo koo roo , 8393 w. beverly blvd. ,la,213-655-9045,chicken,567,167_33
1, gotham bar & grill ,12 e. 12th st. , new york ,212/620 -4020,american,35, gothm Zar; & grill ,12 e{ 1th st. , new york city ,212-620-4020, american ( new ) ,35,35_253
0, 9 jones street , 9 jones st. , new york ,212/989 -1220,american,173, dottie 's true blue cafe , 522 jones st. , san francisco ,415-885-2767,diners,727,176_192
1, hawthorne lane ,22 hawthorne st. , san francisco ,415/777 -9779,american,102, hawthorne lane ,22 hawthorne st. , san francisco ,415-777-9779,californian,102,102_320
0, gabriela 's , 685 amsterdam ave. at 93rd st. , new york ,212/961 -0574,mexican,253, monsoon ( ny ) , 435 amsterdam ave. , new york city ,212-580-8686,thai,629,255_95
1, grill on the alley , 9560 dayton way , los angeles ,310/276 -0615,american,9, grill the , 9560 dayton way , beverly hills ,310-276-0615, american ( traditional ) ,9,9_227
0, katia 's , 600 5th ave. , san francisco ,415/668 -9292,,487, sylvia 's , 328 lenox ave. , new york city ,212-996-0660,southern/soul,644,487_110
1, locanda veneta , 3rd st. , los angeles ,310/274 -1893,italian,13, locanda veneta , 8638 w. third st. , los angeles ,310-274-1893,italian,13,13_231
0, lanzAar BeFtsaurant , 168 1st ev*. Qetween] 10th and 11th sts . , new york ,212/674 -7014,italian,282, thailand restaurant , 106 bayard st. , new york city ,212-349-3132,thai,649,283_115
0,otabe,68 e. 56th st. , new york ,212/223 -7575,asian,318,drabar,44 .w=56ht~ st. , new york city ,212-432-7227,indian,609,319_75
1,campanile, 624 s. la brea ave. , los angeles ,213/938 -1447,american,4,campanile, 624 s. la brea ave. , los angeles ,213-938-1447,californian,4,4_222
1, carnegie deli , 854 7th ave. between 54th and 55th sts . , new york ,212/757 -2245,delicatessen,29, carneY edeli , 854 AvsentSh\ ave. , new york city ,212-757-2245,delis,29,29_247
0,boiu, 59 CCrth st. , san francisco ,415/543 -2222,french,459, cucina d pesce ,87 e. forut st. , new york city ,212-260-6800,seafood,608,459_74
