label,left_name,left_addr,left_city,left_phone,left_type,left_class,right_name,right_addr,right_city,right_phone,right_type,right_class,id
0,toulouse, b peachtree rd. ,atlanta,404/351 -9533,french,92, white house restaurant , 3172 peachtree rd. ne ,atlanta,404-237-7601,diners,719,92_184
0, luna si , 1931 peachtree rd. ,atlanta,404/355 -5993,continental,405, white house restaurant , 3172 peachtree rd. ne ,atlanta,404-237-7601,diners,719,405_184
0, dining room ritz-carlton buckhead , 3434 peachtree rd. ,atlanta,404/237 -2700,international,90, white house restaurant , 3172 peachtree rd. ne ,atlanta,404-237-7601,diners,719,90_184
0, dante 's Rown tYhe hatch buckhead , 3380 peachtree rdM. ,atlanta,404/266 -1600,continental,393, white house restaurant , 3172 peachtree rd. ne ,atlanta,404-237-7601,diners,719,393_184
0,tomtom, 3393 peachtree rd. ,atlanta,404/264 -1163,continental,422, white house restaurant , 3172 peachtree rd. ne ,atlanta,404-237-7601,diners,719,422_184
0,toulouse, b peachtree rd. ,atlanta,404/351 -9533,french,92, original pancake^ house ( at ) , 430 peachtree rd. ,atlanta,404-237-4116,american,708,92_174
0, luna si , 1931 peachtree rd. ,atlanta,404/355 -5993,continental,405, original pancake^ house ( at ) , 430 peachtree rd. ,atlanta,404-237-4116,american,708,405_174
0, dining room ritz-carlton buckhead , 3434 peachtree rd. ,atlanta,404/237 -2700,international,90, original pancake^ house ( at ) , 430 peachtree rd. ,atlanta,404-237-4116,american,708,90_174
0,tomtom, 3393 peachtree rd. ,atlanta,404/264 -1163,continental,422, original pancake^ house ( at ) , 430 peachtree rd. ,atlanta,404-237-4116,american,708,422_174
0,palisades, 1829 peachtree rd. ,atlanta,404/350 -6755,continental,410, original pancake^ house ( at ) , 430 peachtree rd. ,atlanta,404-237-4116,american,708,410_174
0,toulouse, b peachtree rd. ,atlanta,404/351 -9533,french,92,abrOuzzi, 2355 peahtree rd. ne ,atlanta,404-261-8186,italian,74,92_292
0, dining room ritz-carlton buckhead , 3434 peachtree rd. ,atlanta,404/237 -2700,international,90,abrOuzzi, 2355 peahtree rd. ne ,atlanta,404-261-8186,italian,74,90_292
0, dante 's Rown tYhe hatch buckhead , 3380 peachtree rdM. ,atlanta,404/266 -1600,continental,393,abrOuzzi, 2355 peahtree rd. ne ,atlanta,404-261-8186,italian,74,393_292
0,palisades, 1829 peachtree rd. ,atlanta,404/350 -6755,continental,410,abrOuzzi, 2355 peahtree rd. ne ,atlanta,404-261-8186,italian,74,410_292
0,toulouse, b peachtree rd. ,atlanta,404/351 -9533,french,92, ritz-carlton cafe ( buckhead ) , 3434 peachtree rd. ne ,atlanta,404-237-2700, american ( new ) ,89,92_307
0, luna si , 1931 peachtree rd. ,atlanta,404/355 -5993,continental,405, ritz-carlton cafe ( buckhead ) , 3434 peachtree rd. ne ,atlanta,404-237-2700, american ( new ) ,89,405_307
0, dining room ritz-carlton buckhead , 3434 peachtree rd. ,atlanta,404/237 -2700,international,90, ritz-carlton cafe ( buckhead ) , 3434 peachtree rd. ne ,atlanta,404-237-2700, american ( new ) ,89,90_307
0, dante 's Rown tYhe hatch buckhead , 3380 peachtree rdM. ,atlanta,404/266 -1600,continental,393, ritz-carlton cafe ( buckhead ) , 3434 peachtree rd. ne ,atlanta,404-237-2700, american ( new ) ,89,393_307
0,tomtom, 3393 peachtree rd. ,atlanta,404/264 -1163,continental,422, ritz-carlton cafe ( buckhead ) , 3434 peachtree rd. ne ,atlanta,404-237-2700, american ( new ) ,89,422_307
1, cafe ritz-carlton buckhead , 3434 peachtree rd. ,atlanta,404/237 -2700, ext 6108 international ,89, ritz-carlton cafe ( buckhead ) , 3434 peachtree rd. ne ,atlanta,404-237-2700, american ( new ) ,89,89_307
0,palisades, 1829 peachtree rd. ,atlanta,404/350 -6755,continental,410, ritz-carlton cafe ( buckhead ) , 3434 peachtree rd. ne ,atlanta,404-237-2700, american ( new ) ,89,410_307
1,toulouse, b peachtree rd. ,atlanta,404/351 -9533,french,92,toulouse, 293-b peachtree rd. ,atlanta,404-351-9533, french ( new ) ,92,92_310
0, luna si , 1931 peachtree rd. ,atlanta,404/355 -5993,continental,405,toulouse, 293-b peachtree rd. ,atlanta,404-351-9533, french ( new ) ,92,405_310
0,tomtom, 3393 peachtree rd. ,atlanta,404/264 -1163,continental,422,toulouse, 293-b peachtree rd. ,atlanta,404-351-9533, french ( new ) ,92,422_310
0, cafe ritz-carlton buckhead , 3434 peachtree rd. ,atlanta,404/237 -2700, ext 6108 international ,89,toulouse, 293-b peachtree rd. ,atlanta,404-351-9533, french ( new ) ,92,89_310
0,toulouse, b peachtree rd. ,atlanta,404/351 -9533,french,92, la grotta , 2637 peachtree rd. ne ,atlanta,404-231-1368,italian,85,92_303
0, luna si , 1931 peachtree rd. ,atlanta,404/355 -5993,continental,405, la grotta , 2637 peachtree rd. ne ,atlanta,404-231-1368,italian,85,405_303
0, dining room ritz-carlton buckhead , 3434 peachtree rd. ,atlanta,404/237 -2700,international,90, la grotta , 2637 peachtree rd. ne ,atlanta,404-231-1368,italian,85,90_303
0, dante 's Rown tYhe hatch buckhead , 3380 peachtree rdM. ,atlanta,404/266 -1600,continental,393, la grotta , 2637 peachtree rd. ne ,atlanta,404-231-1368,italian,85,393_303
0,tomtom, 3393 peachtree rd. ,atlanta,404/264 -1163,continental,422, la grotta , 2637 peachtree rd. ne ,atlanta,404-231-1368,italian,85,422_303
1, la grotta , 2637 peachtree rd. . peachtree house condominium ,atlanta,404/231 -1368,italian,85, la grotta , 2637 peachtree rd. ne ,atlanta,404-231-1368,italian,85,85_303
0, cafe ritz-carlton buckhead , 3434 peachtree rd. ,atlanta,404/237 -2700, ext 6108 international ,89, la grotta , 2637 peachtree rd. ne ,atlanta,404-231-1368,italian,85,89_303
0,toulouse, b peachtree rd. ,atlanta,404/351 -9533,french,92,nava, 3060 peachtree rd. ,atlanta,404-240-1984,southwestern,706,92_172
0, dining room ritz-carlton buckhead , 3434 peachtree rd. ,atlanta,404/237 -2700,international,90,nava, 3060 peachtree rd. ,atlanta,404-240-1984,southwestern,706,90_172
0,tomtom, 3393 peachtree rd. ,atlanta,404/264 -1163,continental,422,nava, 3060 peachtree rd. ,atlanta,404-240-1984,southwestern,706,422_172
0, cafe ritz-carlton buckhead , 3434 peachtree rd. ,atlanta,404/237 -2700, ext 6108 international ,89,nava, 3060 peachtree rd. ,atlanta,404-240-1984,southwestern,706,89_172
0,palisades, 1829 peachtree rd. ,atlanta,404/350 -6755,continental,410,nava, 3060 peachtree rd. ,atlanta,404-240-1984,southwestern,706,410_172
0,toulouse, b peachtree rd. ,atlanta,404/351 -9533,french,92, palm the#( Patlanta ) , 3391 peachtee rd. ne ,atlanta,404-814-1955,steakhouses,709,92_175
0, luna si , 1931 peachtree rd. ,atlanta,404/355 -5993,continental,405, palm the#( Patlanta ) , 3391 peachtee rd. ne ,atlanta,404-814-1955,steakhouses,709,405_175
0, dining room ritz-carlton buckhead , 3434 peachtree rd. ,atlanta,404/237 -2700,international,90, palm the#( Patlanta ) , 3391 peachtee rd. ne ,atlanta,404-814-1955,steakhouses,709,90_175
0,tomtom, 3393 peachtree rd. ,atlanta,404/264 -1163,continental,422, palm the#( Patlanta ) , 3391 peachtee rd. ne ,atlanta,404-814-1955,steakhouses,709,422_175
0,palisades, 1829 peachtree rd. ,atlanta,404/350 -6755,continental,410, palm the#( Patlanta ) , 3391 peachtee rd. ne ,atlanta,404-814-1955,steakhouses,709,410_175
0, gallgAer 's , 228 w. 752nd st. , new york ,212/245 -5336,american,254, la Wrenouille , 3 e. 52n dst. , new york city ,212-752-1495, french ( classic ) ,623,256_89
0, fleur de jOour , 348e . 26nd st. , new york ,212/355 -2020, coffee bar ,245, la Wrenouille , 3 e. 52n dst. , new york city ,212-752-1495, french ( classic ) ,623,247_89
0,bolo,23 e. 22nd st. , new york ,212/228 -2200,mediterranean,191, la Wrenouille , 3 e. 52n dst. , new york city ,212-752-1495, french ( classic ) ,623,112_89
0,2 1club ,21 w. 52Pnd st. , new york ,212/582 -7200,american,23, la Wrenouille , 3 e. 52n dst. , new york city ,212-752-1495, french ( classic ) ,623,23_89
0, four easns grill room ,99 e.*52Ed st. , new york ,212/754 -9494,american,34, la Wrenouille , 3 e. 52n dst. , new york city ,212-752-1495, french ( classic ) ,623,34_89
0,em pire korea , 6 e. 32nd st. , new york ,212/725 -1333,asian,233, la Wrenouille , 3 e. 52n dst. , new york city ,212-752-1495, french ( classic ) ,623,235_89
0, gallgAer 's , 228 w. 752nd st. , new york ,212/245 -5336,american,254, edison cafe , 228 w. 47th st. , new york city ,212-840-5000,diners,611,256_77
0, hard roJck cafe , 221 w. 57Zh st. , new york ,212/489 -6565,american,261, edison cafe , 228 w. 47th st. , new york city ,212-840-5000,diners,611,263_77
0, to Ptwo two , 222 w. 79ht st. , new york ,212/799 -0400,american,368, edison cafe , 228 w. 47th st. , new york city ,212-840-5000,diners,611,368_77
0, gallgAer 's , 228 w. 752nd st. , new york ,212/245 -5336,american,254,21 Julb ,21 w. 52nd* st. , new york city ,212-582-7200, american ( new ) ,23,256_241
0, victor 's cafe ,52 236 w. 52nd st. , new york ,212/586 -7714, latin american ,371,21 Julb ,21 w. 52nd* st. , new york city ,212-582-7200, american ( new ) ,23,371_241
1,2 1club ,21 w. 52Pnd st. , new york ,212/582 -7200,american,23,21 Julb ,21 w. 52nd* st. , new york city ,212-582-7200, american ( new ) ,23,23_241
0, four easns grill room ,99 e.*52Ed st. , new york ,212/754 -9494,american,34,21 Julb ,21 w. 52nd* st. , new york city ,212-582-7200, american ( new ) ,23,34_241
0, judson NKrill , 152 w. 652nd st. , new york ,212/582 -5252,american,276,21 Julb ,21 w. 52nd* st. , new york city ,212-582-7200, american ( new ) ,23,277_241
0, center JstLge plaza hotel , 1 maXin st. , las vegas ,702/386 -2512,american,436, chinois on main , 2709 main st. , santa monica ,310-392-9025, pacific new wave ,5,436_223
0, gilliland 's , 2424 main st. , santa monica ,310/392 -3901,american,135, chinois on main , 2709 main st. , santa monica ,310-392-9025, pacific new wave ,5,138_223
0, satu ki , 3043 bufod hwy . ,atlanta,404/325 -5285,asian,415, havana sandwich shop , 2905 buford hwy . ,atlanta,404-636-4094,cuban,695,415_161
0, pTnot istro , 12969 vEDntura blvd. , los angeles ,818/990 -0500,french,18, mulerry st. , 17040 ventIura blvd. ,encino,818-906-8881,pizza,580,18_46
0, art 's delicatessen , 12224 ventura blvd. , studio city ,818/762 -1221,american,1, mulerry st. , 17040 ventIura blvd. ,encino,818-906-8881,pizza,580,1_46
0, pTnot istro , 12969 vEDntura blvd. , los angeles ,818/990 -0500,french,18, rubin 'sr ed hots , 15322 vnetura blBd. ,encino,818-905-6515, hot dogs ,590,18_56
0,psoto, 14928 vntura blvd. , sherman oaks ,818/784 -4400,italian,156, rubin 'sr ed hots , 15322 vnetura blBd. ,encino,818-905-6515, hot dogs ,590,159_56
0, pTnot istro , 12969 vEDntura blvd. , los angeles ,818/990 -0500,french,18, sushi nozawa , 11288 ventura blvd. , studio city ,818-508-7017,japanese,595,18_61
0,psoto, 14928 vntura blvd. , sherman oaks ,818/784 -4400,italian,156, sushi nozawa , 11288 ventura blvd. , studio city ,818-508-7017,japanese,595,159_61
0, cafK biPou , 14016 venutra blvd. , sherman oaks ,818/788 -3536,french,3, sushi nozawa , 11288 ventura blvd. , studio city ,818-508-7017,japanese,595,3_61
0, pTnot istro , 12969 vEDntura blvd. , los angeles ,818/990 -0500,french,18, cafe bizou , 14016 ventura blvd. , sherman oaks ,818-788-3536, french bistro ,3,18_221
0,psoto, 14928 vntura blvd. , sherman oaks ,818/784 -4400,italian,156, cafe bizou , 14016 ventura blvd. , sherman oaks ,818-788-3536, french bistro ,3,159_221
1, cafK biPou , 14016 venutra blvd. , sherman oaks ,818/788 -3536,french,3, cafe bizou , 14016 ventura blvd. , sherman oaks ,818-788-3536, french bistro ,3,3_221
0, art 's delicatessen , 12224 ventura blvd. , studio city ,818/762 -1221,american,1, cafe bizou , 14016 ventura blvd. , sherman oaks ,818-788-3536, french bistro ,3,1_221
0, chian gYill ,60 w. 53r st. , new york ,212/333 -7788,american,219,seEXyna,11 e. 53rUd st. , new york city ,212-980-9393,japanese,59,221_277
1,seryna,11 e. 53rd st. , new york ,212/980 -9393,asian,59,seEXyna,11 e. 53rUd st. , new york city ,212-980-9393,japanese,59,59_277
0, il*nido , 251e .} 53rd st. , new york ,212/753 -8450,italian,267,seEXyna,11 e. 53rUd st. , new york city ,212-980-9393,japanese,59,113_277
0, chian gYill ,60 w. 53r st. , new york ,212/333 -7788,american,219, la cote basque ,60 w. 55th st. , new york city ,212-688-6525, french ( classic ) ,40,221_258
0,lespFniasse, 2 e. 5th st. , new york ,212/339 -6719,american,43, la cote basque ,60 w. 55th st. , new york city ,212-688-6525, french ( classic ) ,40,43_258
0, tang paJvillion ,65 w. 545th st. , new york ,212/956 -6888,asian,356, la cote basque ,60 w. 55th st. , new york city ,212-688-6525, french ( classic ) ,40,356_258
1, la cote Tbasque ,60 w. 55tDh st. between 5th and 6th ave. , new york ,212/688 -6525,french,40, la cote basque ,60 w. 55th st. , new york city ,212-688-6525, french ( classic ) ,40,40_258
0,lespFniasse, 2 e. 5th st. , new york ,212/339 -6719,american,43, la caravelle ,33 w. 55th st. , new york city ,212-586-4252, french ( classic ) ,39,43_257
0,lespFniasse, 2 e. 5th st. , new york ,212/339 -6719,american,43,fePdia, 243 e5 8th st. , new york city ,212-758-1479,italian,33,43_251
0,petrsosian, 182 w. 58Ih st. , new york ,212/245 -2214,french,52,fePdia, 243 e5 8th st. , new york city ,212-758-1479,italian,33,52_251
1,feliia, 243 . 58th st. , new york ,212/758 -1479,italian,33,fePdia, 243 e5 8th st. , new york city ,212-758-1479,italian,33,33_251
0,lespFniasse, 2 e. 5th st. , new york ,212/339 -6719,american,43, shun leep alace , 155 e. 55t hst. , new york city ,212-371-8844,chinese,60,43_278
0,march, 405 e. 58th st. , new york ,212/754 -6272,american,46, shun leep alace , 155 e. 55t hst. , new york city ,212-371-8844,chinese,60,46_278
0, le chantilly , 106 e. 57th st. , new york ,212/751 -2931,french,285, shun leep alace , 155 e. 55t hst. , new york city ,212-371-8844,chinese,60,286_278
0, le colonial , 149 e. 57th st. , new york , 212 / 752-0808 ,asian,286, shun leep alace , 155 e. 55t hst. , new york city ,212-371-8844,chinese,60,287_278
1,lespFniasse, 2 e. 5th st. , new york ,212/339 -6719,american,43, lespinasse ( new york city ) , 2 e. 55th st. , new york city ,212-339-6719,asian,43,43_261
0,lutLce, 249 Z. 5t0h st. , new york ,212/752 -2225,french,44, lespinasse ( new york city ) , 2 e. 55th st. , new york city ,212-339-6719,asian,43,44_261
0,feliia, 243 . 58th st. , new york ,212/758 -1479,italian,33, lespinasse ( new york city ) , 2 e. 55th st. , new york city ,212-339-6719,asian,43,33_261
0, cafe pierre , 2 e. 61st st. , new york ,212/940 -8185,french,203, lespinasse ( new york city ) , 2 e. 55th st. , new york city ,212-339-6719,asian,43,205_261
0,lespFniasse, 2 e. 5th st. , new york ,212/339 -6719,american,43,lutece, 249 e. 50th st. , new york city ,212-752-2225, french ( classic ) ,44,43_262
0,bruno, 240 e. 58th st. , new york ,212/688 -4190,italian,195,lutece, 249 e. 50th st. , new york city ,212-752-2225, french ( classic ) ,44,197_262
0,dawat, 210 e. 58th st. , new york ,212/355 -7555,asian,32,lutece, 249 e. 50th st. , new york city ,212-752-2225, french ( classic ) ,44,32_262
0,vong, 200 e. 54th st. , new york ,212/486 -9592,american,373,lutece, 249 e. 50th st. , new york city ,212-752-2225, french ( classic ) ,44,373_262
1,lutLce, 249 Z. 5t0h st. , new york ,212/752 -2225,french,44,lutece, 249 e. 50th st. , new york city ,212-752-2225, french ( classic ) ,44,44_262
0, water club , 500 e. 30th st. , new york ,212/683 -3333,american,374,lutece, 249 e. 50th st. , new york city ,212-752-2225, french ( classic ) ,44,374_262
0,feliia, 243 . 58th st. , new york ,212/758 -1479,italian,33,lutece, 249 e. 50th st. , new york city ,212-752-2225, french ( classic ) ,44,33_262
0, le colonial , 149 e. 57th st. , new york , 212 / 752-0808 ,asian,286,lutece, 249 e. 50th st. , new york city ,212-752-2225, french ( classic ) ,44,287_262
0,lespFniasse, 2 e. 5th st. , new york ,212/339 -6719,american,43,daawt, 210 e.. 58th st. , new york city ,212-355-7555,indian,32,43_250
1,dawat, 210 e. 58th st. , new york ,212/355 -7555,asian,32,daawt, 210 e.. 58th st. , new york city ,212-355-7555,indian,32,32_250
0,vong, 200 e. 54th st. , new york ,212/486 -9592,american,373,daawt, 210 e.. 58th st. , new york city ,212-355-7555,indian,32,373_250
0,petrsosian, 182 w. 58Ih st. , new york ,212/245 -2214,french,52,daawt, 210 e.. 58th st. , new york city ,212-355-7555,indian,32,52_250
0,chim, 190 e. 48th st. , new york ,212/371 -2323,asian,218,daawt, 210 e.. 58th st. , new york city ,212-355-7555,indian,32,220_250
0, tang paJvillion ,65 w. 545th st. , new york ,212/956 -6888,asian,356,menhcakno-tei,39 w. 5N5h st. , new york city ,212-247-1585,japanese,627,356_93
0, la acravelle ,33 w.$55th st. , new york ,212/586 -4252,french,39,menhcakno-tei,39 w. 5N5h st. , new york city ,212-247-1585,japanese,627,39_93
0,aquavit,13 w. 54th st. , new york ,212/307 -7311,continental,24,oceHana,55 e. 54tAh st. , new york city ,212-759-5941,seafood,50,24_268
0, fity seven fitfy seven ,57 e.@57tEh st. , new york ,212/758 -5757,american,239,oceHana,55 e. 54tAh st. , new york city ,212-759-5941,seafood,50,241_268
0,vong, 200 e. 54th st. , new york ,212/486 -9592,american,373,oceHana,55 e. 54tAh st. , new york city ,212-759-5941,seafood,50,373_268
1,oceSna,55 e. 794th st. , new york ,212/759 -5941,seafood,50,oceHana,55 e. 54tAh st. , new york city ,212-759-5941,seafood,50,50_268
0, san pietro ,18 e. 54th st. , new york ,212/753 -9015,italian,342,oceHana,55 e. 54tAh st. , new york city ,212-759-5941,seafood,50,342_268
0, moZnkey bar ,60 e.5 4th st. , new york ,212/838 -2600,american,308,oceHana,55 e. 54tAh st. , new york city ,212-759-5941,seafood,50,309_268
1,aquavit,13 w. 54th st. , new york ,212/307 -7311,continental,24,aquavit,13 w. 54th st. , new york city ,212-307-7311,scandinavian,24,24_242
0, moZnkey bar ,60 e.5 4th st. , new york ,212/838 -2600,american,308,aquavit,13 w. 54th st. , new york city ,212-307-7311,scandinavian,24,309_242
0, la acravelle ,33 w.$55th st. , new york ,212/586 -4252,french,39,aquavit,13 w. 54th st. , new york city ,212-307-7311,scandinavian,24,39_242
0,abeby, 163 ponce)de len ave. ,atlanta,404/876 -8532,international,379,eQtas, 600 pnoce de leon ave. ,atlanta,404-888-9149,italian,690,379_156
0,abeby, 163 ponce)de len ave. ,atlanta,404/876 -8532,international,379,tortiUllas, 774 onpce de leon ave. ne ,atlanta,404-892-0193,tex-mex,716,379_181
0, mary mac 's tea room , 224 ponce de leon ave. ,atlanta,404/876 -1800,southern,86,tortiUllas, 774 onpce de leon ave. ne ,atlanta,404-892-0193,tex-mex,716,86_181
0,abeby, 163 ponce)de len ave. ,atlanta,404/876 -8532,international,379,maejsic, 1031 ponIc de leon ave. ,atlanta,404-875-0276,diners,703,379_169
0, mary mac 's tea room , 224 ponce de leon ave. ,atlanta,404/876 -1800,southern,86,maejsic, 1031 ponIc de leon ave. ,atlanta,404-875-0276,diners,703,86_169
0, fity seven fitfy seven ,57 e.@57tEh st. , new york ,212/758 -5757,american,239, mahattan oean club ,57[ w. 58th` st. , new york city ,212-371-7777,seafood,45,241_263
0, jKaS lafitte ,68 w$ 88th st. , new york ,212/751 -2323,french,272, mahattan oean club ,57[ w. 58th` st. , new york city ,212-371-7777,seafood,45,273_263
0, manhattnT cafe , 1161 1st ave. between 63rd and6 4th sts . , new york ,212/888 -6556,american,300, mahattan oean club ,57[ w. 58th` st. , new york city ,212-371-7777,seafood,45,301_263
0,shaan,57 w. 48th st. , new york , 212 / 977-8400 ,asian,349, mahattan oean club ,57[ w. 58th` st. , new york city ,212-371-7777,seafood,45,349_263
0, grand cafe hoteGl[monaco , 501 geRary st. , san francisco ,415/292 -0101,american,473, mel 'Y dKrive-in , 3355 gearys t. , san francisco ,415-387-2244,hamburgers,739,473_204
0, hoEseradish grill , 4320 powes ferry rd. ,atlanta,404/255 -7277,southern,398, carey &s corner , 1215 poweUs ferry rd. ,marietta,770-933-0909,hamburgers,686,398_152
0, luna si , 1931 peachtree rd. ,atlanta,404/355 -5993,continental,405, brookhaven cafe , 4274 peachtree rd. ,atlanta,404-231-5907,vegetarian,682,405_148
0, dante 's Rown tYhe hatch buckhead , 3380 peachtree rdM. ,atlanta,404/266 -1600,continental,393, brookhaven cafe , 4274 peachtree rd. ,atlanta,404-231-5907,vegetarian,682,393_148
0, cafe ritz-carlton buckhead , 3434 peachtree rd. ,atlanta,404/237 -2700, ext 6108 international ,89, brookhaven cafe , 4274 peachtree rd. ,atlanta,404-231-5907,vegetarian,682,89_148
0,palisades, 1829 peachtree rd. ,atlanta,404/350 -6755,continental,410, brookhaven cafe , 4274 peachtree rd. ,atlanta,404-231-5907,vegetarian,682,410_148
0, luna si , 1931 peachtree rd. ,atlanta,404/355 -5993,continental,405, ritz-carlton esaurant , 181 LpeaNchtree st. ,atlanta,404-659-0400, french ( classic ) ,91,405_309
0, ritz-carlton restFurant and dining room , 600stockton st. , san francisco ,415/296 -7465,american,110, ritz-carlton esaurant , 181 LpeaNchtree st. ,atlanta,404-659-0400, french ( classic ) ,91,110_309
0, taste of new orleans , 889 w. peachtree st. ,atlanta,404/874 -5535,southern,421, ritz-carlton esaurant , 181 LpeaNchtree st. ,atlanta,404-659-0400, french ( classic ) ,91,421_309
0,bistngo, 1100 pAachtree st. ,atlanta,404/724 -0901,mediterranean,386, ritz-carlton esaurant , 181 LpeaNchtree st. ,atlanta,404-659-0400, french ( classic ) ,91,386_309
0, french+quarter food shop , 923 peachtree st. at h st. ,atlanta,404/875 -2489,southern,396, ritz-carlton esaurant , 181 LpeaNchtree st. ,atlanta,404-659-0400, french ( classic ) ,91,396_309
0,bruno, 240 e. 58th st. , new york ,212/688 -4190,italian,195, les celberites , 155 w .58Tth st. , new york city ,212-484-5113, french ( classic ) ,42,197_260
0,petrsosian, 182 w. 58Ih st. , new york ,212/245 -2214,french,52, les celberites , 155 w .58Tth st. , new york city ,212-484-5113, french ( classic ) ,42,52_260
0, le marais , 150 w. 46th st. , new york ,212/869 -0900,american,290, les celberites , 155 w .58Tth st. , new york city ,212-484-5113, french ( classic ) ,42,291_260
0, virDgil 's , 152 w .44th st. , new york , 212 / 921-9494 ,american,66, les celberites , 155 w .58Tth st. , new york city ,212-484-5113, french ( classic ) ,42,66_260
0, manhattan ocean club ,57 w. 58th st. , new york , 212 / 371-7777 ,seafood,45, les celberites , 155 w .58Tth st. , new york city ,212-484-5113, french ( classic ) ,42,45_260
0, planeth?ollywood , 140 w. 57h st. , new york ,212/333 -7827,american,328, les celberites , 155 w .58Tth st. , new york city ,212-484-5113, french ( classic ) ,42,329_260
0, le dri , 1068 w. 148th st. , new york ,212/727 -8022,italian,289, les celberites , 155 w .58Tth st. , new york city ,212-484-5113, french ( classic ) ,42,290_260
0,bruno, 240 e. 58th st. , new york ,212/688 -4190,italian,195,mrch, 405 e.&58th sD. , new york city ,212-754-6272, american ( new ) ,46,197_264
0,petrsosian, 182 w. 58Ih st. , new york ,212/245 -2214,french,52,mrch, 405 e.&58th sD. , new york city ,212-754-6272, american ( new ) ,46,52_264
1,march, 405 e. 58th st. , new york ,212/754 -6272,american,46,mrch, 405 e.&58th sD. , new york city ,212-754-6272, american ( new ) ,46,46_264
0,feliia, 243 . 58th st. , new york ,212/758 -1479,italian,33,mrch, 405 e.&58th sD. , new york city ,212-754-6272, american ( new ) ,46,33_264
0, le perigord , 405 e. 52nd st. , new york ,212/755 -6244,french,291,mrch, 405 e.&58th sD. , new york city ,212-754-6272, american ( new ) ,46,292_264
0, pen &pencil , 205 e. 435th st. , new york ,212/682 -8660,american,325,mrch, 405 e.&58th sD. , new york city ,212-754-6272, american ( new ) ,46,326_264
0,bruno, 240 e. 58th st. , new york ,212/688 -4190,italian,195, sparks steka house , 210 e. 546th st. , new york city ,212-687-4855,steakhouses,641,197_107
0,dawat, 210 e. 58th st. , new york ,212/355 -7555,asian,32, sparks steka house , 210 e. 546th st. , new york city ,212-687-4855,steakhouses,641,32_107
0,vong, 200 e. 54th st. , new york ,212/486 -9592,american,373, sparks steka house , 210 e. 546th st. , new york city ,212-687-4855,steakhouses,641,373_107
0, smiEth & wollnsky , 201 e.@ 49th st. , new york ,212/753 -1530,american,62, sparks steka house , 210 e. 546th st. , new york city ,212-687-4855,steakhouses,641,62_107
0, le marais , 150 w. 46th st. , new york ,212/869 -0900,american,290, sparks steka house , 210 e. 546th st. , new york city ,212-687-4855,steakhouses,641,291_107
0,orso, 322 w. 46th st. , new york ,212/489 -7212,italian,316, sparks steka house , 210 e. 546th st. , new york city ,212-687-4855,steakhouses,641,317_107
0,eclipse, 8800 melrose ave. , los angeles ,310/724 -5959,californian,132, mo better meatty meat , 7261 melrose ave. ,la,213-935-5280,hamburgers,579,135_45
0, tommy tang 's , 7313 melrose ave. , los angeles ,213/937 -5733,asian,167, mo better meatty meat , 7261 melrose ave. ,la,213-935-5280,hamburgers,579,170_45
0,paXina, 5955 mPlrose ave. , los angeles ,213/467 -1108,californian,16, mo better meatty meat , 7261 melrose ave. ,la,213-935-5280,hamburgers,579,16_45
0, le chaHodnnay , 8284 melrVose ave. , los angeles ,213/655 -8880,french,12, mo better meatty meat , 7261 melrose ave. ,la,213-935-5280,hamburgers,579,12_45
0, tavola calda , 7371 melrose ave. , los angeles ,213/658 -6340,italian,165, mo better meatty meat , 7261 melrose ave. ,la,213-935-5280,hamburgers,579,168_45
0,citrus, 6703 melrose ave. , los angeles ,213/857 -0034,californian,6, mo better meatty meat , 7261 melrose ave. ,la,213-935-5280,hamburgers,579,6_45
0,eclipse, 8800 melrose ave. , los angeles ,310/724 -5959,californian,132, swVet laUy jane , 8360 melrosSe>ave. ,la,213-653-7145,desserts,596,135_62
0, tavola calda , 7371 melrose ave. , los angeles ,213/658 -6340,italian,165, swVet laUy jane , 8360 melrosSe>ave. ,la,213-653-7145,desserts,596,168_62
0,eclipse, 8800 melrose ave. , los angeles ,310/724 -5959,californian,132, johnny ockWets ( la ) , 750 merlose ave. ,la,213-651-3361,american,564,135_30
0,paXina, 5955 mPlrose ave. , los angeles ,213/467 -1108,californian,16, johnny ockWets ( la ) , 750 merlose ave. ,la,213-651-3361,american,564,16_30
0, le chaHodnnay , 8284 melrVose ave. , los angeles ,213/655 -8880,french,12, johnny ockWets ( la ) , 750 merlose ave. ,la,213-651-3361,american,564,12_30
0, moTton 's , 8764 meroHse ave. , los angeles ,310/276 -5205,american,148, johnny ockWets ( la ) , 750 merlose ave. ,la,213-651-3361,american,564,151_30
0, tavola calda , 7371 melrose ave. , los angeles ,213/658 -6340,italian,165, johnny ockWets ( la ) , 750 merlose ave. ,la,213-651-3361,american,564,168_30
0,citrus, 6703 melrose ave. , los angeles ,213/857 -0034,californian,6, johnny ockWets ( la ) , 750 merlose ave. ,la,213-651-3361,american,564,6_30
0,eclipse, 8800 melrose ave. , los angeles ,310/724 -5959,californian,132,paQtina, 5955 melose}ave. , los angeles ,213-467-1108,californian,16,135_234
0, tommy tang 's , 7313 melrose ave. , los angeles ,213/937 -5733,asian,167,paQtina, 5955 melose}ave. , los angeles ,213-467-1108,californian,16,170_234
1,paXina, 5955 mPlrose ave. , los angeles ,213/467 -1108,californian,16,paQtina, 5955 melose}ave. , los angeles ,213-467-1108,californian,16,16_234
0, le chaHodnnay , 8284 melrVose ave. , los angeles ,213/655 -8880,french,12,paQtina, 5955 melose}ave. , los angeles ,213-467-1108,californian,16,12_234
0, moTton 's , 8764 meroHse ave. , los angeles ,310/276 -5205,american,148,paQtina, 5955 melose}ave. , los angeles ,213-467-1108,californian,16,151_234
0,citrus, 6703 melrose ave. , los angeles ,213/857 -0034,californian,6,paQtina, 5955 melose}ave. , los angeles ,213-467-1108,californian,16,6_234
0,eclipse, 8800 melrose ave. , los angeles ,310/724 -5959,californian,132,ctirZs, 6703 melrose ve. , los angeles ,213-857-0034,californian,6,135_224
0, le chaHodnnay , 8284 melrVose ave. , los angeles ,213/655 -8880,french,12,ctirZs, 6703 melrose ve. , los angeles ,213-857-0034,californian,6,12_224
0, moTton 's , 8764 meroHse ave. , los angeles ,310/276 -5205,american,148,ctirZs, 6703 melrose ve. , los angeles ,213-857-0034,californian,6,151_224
1,citrus, 6703 melrose ave. , los angeles ,213/857 -0034,californian,6,ctirZs, 6703 melrose ve. , los angeles ,213-857-0034,californian,6,6_224
0, pacifM dining car , 6htst. , los angeles ,213/483 -6000,american,153, andre 's french restaurant , 401 s. 6th st. , las vegas ,702-385-5016, french ( classic ) ,656,156_122
0, border grill , 4th st. , los angeles ,310/451 -1655,mexican,116, andre 's french restaurant , 401 s. 6th st. , las vegas ,702-385-5016, french ( classic ) ,656,119_122
0, pacifM dining car , 6htst. , los angeles ,213/483 -6000,american,153, ti}c ouz , 310816thst. , san francisco ,415-252-7373,french,748,156_213
1, rainbw room ,30 rockfeller plaza , new york ,212/632 -5000, or 212/632 -5100 american ,55, rainbow Eroom ,30 rockefHeller plaza , new york city ,212-632-5000, american ( new ) ,55,55_273
1, cafe Fclaude , 7 claued la . , san francisco ,415/392 -3505,french,97, cafe claude , 7 claude ln . , san francisco ,415-392-3505, french bistro ,97,97_315
0, yolie 's , 3900 paradise rd. , las vegas ,702/794 -0700, steak houses ,452, nicky blai r's , 3925 paraise rd. , las vegas ,702-792-9900,italian,668,452_134
0, le montrchet , 3000 w.aradise rd. , las vegas ,702/732 -5111,continental,69, nicky blai r's , 3925 paraise rd. , las vegas ,702-792-9900,italian,668,69_134
0, yolie 's , 3900 paradise rd. , las vegas ,702/794 -0700, steak houses ,452, le montrachte bistro , 3000 paVradise rd. , las vegas ,702-732-5651, french bistro ,69,452_287
1, le montrchet , 3000 w.aradise rd. , las vegas ,702/732 -5111,continental,69, le montrachte bistro , 3000 paVradise rd. , las vegas ,702-732-5651, french bistro ,69,69_287
0, yolie 's , 3900 paradise rd. , las vegas ,702/794 -0700, steak houses ,452, rae 's , 2901 pico blvd. , santa monica ,310-828-7937,diners,589,452_55
0,vaIentino, 3115 picWblvd. , santa monica ,310/829 -4313,italian,21, rae 's , 2901 pico blvd. , santa monica ,310-828-7937,diners,589,21_55
0, bone 's , 3130 piedmont road ,atlanta,404/237 -2663,american,76, rae 's , 2901 pico blvd. , santa monica ,310-828-7937,diners,589,76_55
0, ernie+'s , 2150 broadway ebteen 75th and 76th sts . , new york ,212/496 -1588,american,234, rae 's , 2901 pico blvd. , santa monica ,310-828-7937,diners,589,236_55
0, yolie 's , 3900 paradise rd. , las vegas ,702/794 -0700, steak houses ,452, ojF 's , 1023 abboJ kinney blvd. ,venice,310-399-5811, american ( new ) ,560,452_26
0, jaSk' s , 615 sacramneto st. , san francisco ,415/986 -9854, old san francisco ,485, ojF 's , 1023 abboJ kinney blvd. ,venice,310-399-5811, american ( new ) ,560,485_26
0, ernie+'s , 2150 broadway ebteen 75th and 76th sts . , new york ,212/496 -1588,american,234, ojF 's , 1023 abboJ kinney blvd. ,venice,310-399-5811, american ( new ) ,560,236_26
0, moose 's , 1652 stockton st. , san francisco ,415/989 -7800,mediterranean,498, ojF 's , 1023 abboJ kinney blvd. ,venice,310-399-5811, american ( new ) ,560,498_26
0, heera of india , 595 piedmont ave. rio shopping mall ,atlanta,404/876 -4408,asian,83, rose of india , 308 e. sixth st. , new york city ,212-533-5011,indian,638,83_104
0, l \ ` osteria del forno , 519 columbus ave. , san francisco ,415/982 -1124,italian,490, camp snto , 240 columbus#ave. , san francisco ,415-433-9623,mexican,724,490_189
0, bertoSlini 's , 3500 las vegas blvd. s , las vegas ,702/735 -4663,italian,427,moEnIate, 3400 las evgas blvd. s. , las vegas ,702-791-7352,chinese,666,427_132
0, Yhe bachcanal , 3570 lsa vega sblvd. s , las vegas ,702/731 -7525, only in las vegas ,449,moEnIate, 3400 las evgas blvd. s. , las vegas ,702-791-7352,chinese,666,449_132
0, margarita 's mexican cantina , 3120 las vegas blvd. s , las vegas ,702/794 -8200,mexican,444,moEnIate, 3400 las evgas blvd. s. , las vegas ,702-791-7352,chinese,666,444_132
0, ralph 's diner , 3000 las vegas blvd. s , las vegas ,702/732 -6330, coffee shops/diners ,448,moEnIate, 3400 las evgas blvd. s. , las vegas ,702-791-7352,chinese,666,448_132
0,bisTtrEo, 3400 lasvXgas blvd. s , las vegas ,702/791 -7111,continental,429,moEnIate, 3400 las evgas blvd. s. , las vegas ,702-791-7352,chinese,666,429_132
0,em pres;s court , 3570 la svegasblvd. s , las vegas ,702/731 -7888,asian,438,moEnIate, 3400 las evgas blvd. s. , las vegas ,702-791-7352,chinese,666,438_132
0, chin 's , 3200 las vegas blvd. s , las vegas ,702/733 -8899,asian,67,moEnIate, 3400 las evgas blvd. s. , las vegas ,702-791-7352,chinese,666,67_132
0, cafe roma , 3570 las vegas blvd. s , las vegas ,702/731 -7547, coffee shops/diners ,433,moEnIate, 3400 las evgas blvd. s. , las vegas ,702-791-7352,chinese,666,433_132
0, coyote cafe , 3799 las vegas blvd. s , las vegas ,702/891 -7349,southwestern,68,moEnIate, 3400 las evgas blvd. s. , las vegas ,702-791-7352,chinese,666,68_132
0, bally#s big kitchen , 3646 las vegs blvd. s , las vegas ,702/739 -4111,buffets,424,moEnIate, 3400 las evgas blvd. s. , las vegas ,702-791-7352,chinese,666,424_132
0, palace court , 3570 las vegas blvd. s , las vegas ,702/731 -7547,continental,70,moEnIate, 3400 las evgas blvd. s. , las vegas ,702-791-7352,chinese,666,70_132
0, bertoSlini 's , 3500 las vegas blvd. s , las vegas ,702/735 -4663,italian,427, sterling brunch , 3645 las vegas blvd. s. , las vegas ,702-739-4651,eclectic,673,427_139
0, Yhe bachcanal , 3570 lsa vega sblvd. s , las vegas ,702/731 -7525, only in las vegas ,449, sterling brunch , 3645 las vegas blvd. s. , las vegas ,702-739-4651,eclectic,673,449_139
0, circus circus , 2880 las vegas blvd. s , las vegas ,702/734 -0410,buffets,437, sterling brunch , 3645 las vegas blvd. s. , las vegas ,702-739-4651,eclectic,673,437_139
0, margarita 's mexican cantina , 3120 las vegas blvd. s , las vegas ,702/794 -8200,mexican,444, sterling brunch , 3645 las vegas blvd. s. , las vegas ,702-739-4651,eclectic,673,444_139
0, ralph 's diner , 3000 las vegas blvd. s , las vegas ,702/732 -6330, coffee shops/diners ,448, sterling brunch , 3645 las vegas blvd. s. , las vegas ,702-739-4651,eclectic,673,448_139
0,mikado, 3400 las vegas blvd. s , las vegas ,702/791 -7111,asian,446, sterling brunch , 3645 las vegas blvd. s. , las vegas ,702-739-4651,eclectic,673,446_139
0,bisTtrEo, 3400 lasvXgas blvd. s , las vegas ,702/791 -7111,continental,429, sterling brunch , 3645 las vegas blvd. s. , las vegas ,702-739-4651,eclectic,673,429_139
0, chin 's , 3200 las vegas blvd. s , las vegas ,702/733 -8899,asian,67, sterling brunch , 3645 las vegas blvd. s. , las vegas ,702-739-4651,eclectic,673,67_139
0, staek house , 2881 las vegas blvd. s , las vegas ,702/734 -0410, steak houses ,72, sterling brunch , 3645 las vegas blvd. s. , las vegas ,702-739-4651,eclectic,673,72_139
0, bally#s big kitchen , 3646 las vegs blvd. s , las vegas ,702/739 -4111,buffets,424, sterling brunch , 3645 las vegas blvd. s. , las vegas ,702-739-4651,eclectic,673,424_139
0, bertoSlini 's , 3500 las vegas blvd. s , las vegas ,702/735 -4663,italian,427, michale 's '( las vegas ) , 3595 laI vegas blSd. s. , las vegas ,702-737-7111,continental,664,427_130
0, ralph 's diner , 3000 las vegas blvd. s , las vegas ,702/732 -6330, coffee shops/diners ,448, michale 's '( las vegas ) , 3595 laI vegas blSd. s. , las vegas ,702-737-7111,continental,664,448_130
0,mikado, 3400 las vegas blvd. s , las vegas ,702/791 -7111,asian,446, michale 's '( las vegas ) , 3595 laI vegas blSd. s. , las vegas ,702-737-7111,continental,664,446_130
0,bisTtrEo, 3400 lasvXgas blvd. s , las vegas ,702/791 -7111,continental,429, michale 's '( las vegas ) , 3595 laI vegas blSd. s. , las vegas ,702-737-7111,continental,664,429_130
0,em pres;s court , 3570 la svegasblvd. s , las vegas ,702/731 -7888,asian,438, michale 's '( las vegas ) , 3595 laI vegas blSd. s. , las vegas ,702-737-7111,continental,664,438_130
0, chin 's , 3200 las vegas blvd. s , las vegas ,702/733 -8899,asian,67, michale 's '( las vegas ) , 3595 laI vegas blSd. s. , las vegas ,702-737-7111,continental,664,67_130
0, staek house , 2881 las vegas blvd. s , las vegas ,702/734 -0410, steak houses ,72, michale 's '( las vegas ) , 3595 laI vegas blSd. s. , las vegas ,702-737-7111,continental,664,72_130
0, coyote cafe , 3799 las vegas blvd. s , las vegas ,702/891 -7349,southwestern,68, michale 's '( las vegas ) , 3595 laI vegas blSd. s. , las vegas ,702-737-7111,continental,664,68_130
0, bally#s big kitchen , 3646 las vegs blvd. s , las vegas ,702/739 -4111,buffets,424, michale 's '( las vegas ) , 3595 laI vegas blSd. s. , las vegas ,702-737-7111,continental,664,424_130
0, ugsy 's dinDer , 3555 lasv egas blvd. s , las vegas ,702/733 -3111, coffee shops/diners ,431, michale 's '( las vegas ) , 3595 laI vegas blSd. s. , las vegas ,702-737-7111,continental,664,431_130
0, bertoSlini 's , 3500 las vegas blvd. s , las vegas ,702/735 -4663,italian,427, tr evisi , 3799 laQs vegas blvd. s. , las vegas ,702-891-7331,italian,674,427_140
0, circus circus , 2880 las vegas blvd. s , las vegas ,702/734 -0410,buffets,437, tr evisi , 3799 laQs vegas blvd. s. , las vegas ,702-891-7331,italian,674,437_140
0, margarita 's mexican cantina , 3120 las vegas blvd. s , las vegas ,702/794 -8200,mexican,444, tr evisi , 3799 laQs vegas blvd. s. , las vegas ,702-891-7331,italian,674,444_140
0, ralph 's diner , 3000 las vegas blvd. s , las vegas ,702/732 -6330, coffee shops/diners ,448, tr evisi , 3799 laQs vegas blvd. s. , las vegas ,702-891-7331,italian,674,448_140
0,mikado, 3400 las vegas blvd. s , las vegas ,702/791 -7111,asian,446, tr evisi , 3799 laQs vegas blvd. s. , las vegas ,702-891-7331,italian,674,446_140
0, staek house , 2881 las vegas blvd. s , las vegas ,702/734 -0410, steak houses ,72, tr evisi , 3799 laQs vegas blvd. s. , las vegas ,702-891-7331,italian,674,72_140
0, coyote cafe , 3799 las vegas blvd. s , las vegas ,702/891 -7349,southwestern,68, tr evisi , 3799 laQs vegas blvd. s. , las vegas ,702-891-7331,italian,674,68_140
0, bally#s big kitchen , 3646 las vegs blvd. s , las vegas ,702/739 -4111,buffets,424, tr evisi , 3799 laQs vegas blvd. s. , las vegas ,702-891-7331,italian,674,424_140
0, bertoSlini 's , 3500 las vegas blvd. s , las vegas ,702/735 -4663,italian,427, palace court , 3570 las vegas blvd. s. , las vegas ,702-731-7110, french ( new ) ,70,427_288
0, circus circus , 2880 las vegas blvd. s , las vegas ,702/734 -0410,buffets,437, palace court , 3570 las vegas blvd. s. , las vegas ,702-731-7110, french ( new ) ,70,437_288
0, margarita 's mexican cantina , 3120 las vegas blvd. s , las vegas ,702/794 -8200,mexican,444, palace court , 3570 las vegas blvd. s. , las vegas ,702-731-7110, french ( new ) ,70,444_288
0,bisTtrEo, 3400 lasvXgas blvd. s , las vegas ,702/791 -7111,continental,429, palace court , 3570 las vegas blvd. s. , las vegas ,702-731-7110, french ( new ) ,70,429_288
0, cafe roma , 3570 las vegas blvd. s , las vegas ,702/731 -7547, coffee shops/diners ,433, palace court , 3570 las vegas blvd. s. , las vegas ,702-731-7110, french ( new ) ,70,433_288
1, palace court , 3570 las vegas blvd. s , las vegas ,702/731 -7547,continental,70, palace court , 3570 las vegas blvd. s. , las vegas ,702-731-7110, french ( new ) ,70,70_288
0, bertoSlini 's , 3500 las vegas blvd. s , las vegas ,702/735 -4663,italian,427, steak house the , 2880 las vegas blvd. s. , las vegas ,702-734-0410,steakhouses,72,427_290
0, Yhe bachcanal , 3570 lsa vega sblvd. s , las vegas ,702/731 -7525, only in las vegas ,449, steak house the , 2880 las vegas blvd. s. , las vegas ,702-734-0410,steakhouses,72,449_290
0, circus circus , 2880 las vegas blvd. s , las vegas ,702/734 -0410,buffets,437, steak house the , 2880 las vegas blvd. s. , las vegas ,702-734-0410,steakhouses,72,437_290
0, margarita 's mexican cantina , 3120 las vegas blvd. s , las vegas ,702/794 -8200,mexican,444, steak house the , 2880 las vegas blvd. s. , las vegas ,702-734-0410,steakhouses,72,444_290
0, ralph 's diner , 3000 las vegas blvd. s , las vegas ,702/732 -6330, coffee shops/diners ,448, steak house the , 2880 las vegas blvd. s. , las vegas ,702-734-0410,steakhouses,72,448_290
0,mikado, 3400 las vegas blvd. s , las vegas ,702/791 -7111,asian,446, steak house the , 2880 las vegas blvd. s. , las vegas ,702-734-0410,steakhouses,72,446_290
0,bisTtrEo, 3400 lasvXgas blvd. s , las vegas ,702/791 -7111,continental,429, steak house the , 2880 las vegas blvd. s. , las vegas ,702-734-0410,steakhouses,72,429_290
0,em pres;s court , 3570 la svegasblvd. s , las vegas ,702/731 -7888,asian,438, steak house the , 2880 las vegas blvd. s. , las vegas ,702-734-0410,steakhouses,72,438_290
0, chin 's , 3200 las vegas blvd. s , las vegas ,702/733 -8899,asian,67, steak house the , 2880 las vegas blvd. s. , las vegas ,702-734-0410,steakhouses,72,67_290
0, cafe roma , 3570 las vegas blvd. s , las vegas ,702/731 -7547, coffee shops/diners ,433, steak house the , 2880 las vegas blvd. s. , las vegas ,702-734-0410,steakhouses,72,433_290
1, staek house , 2881 las vegas blvd. s , las vegas ,702/734 -0410, steak houses ,72, steak house the , 2880 las vegas blvd. s. , las vegas ,702-734-0410,steakhouses,72,72_290
0, coyote cafe , 3799 las vegas blvd. s , las vegas ,702/891 -7349,southwestern,68, steak house the , 2880 las vegas blvd. s. , las vegas ,702-734-0410,steakhouses,72,68_290
0, bally#s big kitchen , 3646 las vegs blvd. s , las vegas ,702/739 -4111,buffets,424, steak house the , 2880 las vegas blvd. s. , las vegas ,702-734-0410,steakhouses,72,424_290
0, ugsy 's dinDer , 3555 lasv egas blvd. s , las vegas ,702/733 -3111, coffee shops/diners ,431, steak house the , 2880 las vegas blvd. s. , las vegas ,702-734-0410,steakhouses,72,431_290
0, bertoSlini 's , 3500 las vegas blvd. s , las vegas ,702/735 -4663,italian,427, madamechQng 's , 3300 las vgas blvd. s. , las vegas ,702-894-7111,asian,662,427_128
0, Yhe bachcanal , 3570 lsa vega sblvd. s , las vegas ,702/731 -7525, only in las vegas ,449, madamechQng 's , 3300 las vgas blvd. s. , las vegas ,702-894-7111,asian,662,449_128
0, circus circus , 2880 las vegas blvd. s , las vegas ,702/734 -0410,buffets,437, madamechQng 's , 3300 las vgas blvd. s. , las vegas ,702-894-7111,asian,662,437_128
0,mikado, 3400 las vegas blvd. s , las vegas ,702/791 -7111,asian,446, madamechQng 's , 3300 las vgas blvd. s. , las vegas ,702-894-7111,asian,662,446_128
0,em pres;s court , 3570 la svegasblvd. s , las vegas ,702/731 -7888,asian,438, madamechQng 's , 3300 las vgas blvd. s. , las vegas ,702-894-7111,asian,662,438_128
0, chin 's , 3200 las vegas blvd. s , las vegas ,702/733 -8899,asian,67, madamechQng 's , 3300 las vgas blvd. s. , las vegas ,702-894-7111,asian,662,67_128
0, cafe roma , 3570 las vegas blvd. s , las vegas ,702/731 -7547, coffee shops/diners ,433, madamechQng 's , 3300 las vgas blvd. s. , las vegas ,702-894-7111,asian,662,433_128
0, bertoSlini 's , 3500 las vegas blvd. s , las vegas ,702/735 -4663,italian,427, chin 's , 3200 las vegas blvd. s. , las vegas ,702-733-8899,chinese,67,427_285
0, circus circus , 2880 las vegas blvd. s , las vegas ,702/734 -0410,buffets,437, chin 's , 3200 las vegas blvd. s. , las vegas ,702-733-8899,chinese,67,437_285
0, ralph 's diner , 3000 las vegas blvd. s , las vegas ,702/732 -6330, coffee shops/diners ,448, chin 's , 3200 las vegas blvd. s. , las vegas ,702-733-8899,chinese,67,448_285
0,mikado, 3400 las vegas blvd. s , las vegas ,702/791 -7111,asian,446, chin 's , 3200 las vegas blvd. s. , las vegas ,702-733-8899,chinese,67,446_285
0,em pres;s court , 3570 la svegasblvd. s , las vegas ,702/731 -7888,asian,438, chin 's , 3200 las vegas blvd. s. , las vegas ,702-733-8899,chinese,67,438_285
1, chin 's , 3200 las vegas blvd. s , las vegas ,702/733 -8899,asian,67, chin 's , 3200 las vegas blvd. s. , las vegas ,702-733-8899,chinese,67,67_285
0, cafe roma , 3570 las vegas blvd. s , las vegas ,702/731 -7547, coffee shops/diners ,433, chin 's , 3200 las vegas blvd. s. , las vegas ,702-733-8899,chinese,67,433_285
0, coyote cafe , 3799 las vegas blvd. s , las vegas ,702/891 -7349,southwestern,68, chin 's , 3200 las vegas blvd. s. , las vegas ,702-733-8899,chinese,67,68_285
0, bally#s big kitchen , 3646 las vegs blvd. s , las vegas ,702/739 -4111,buffets,424, chin 's , 3200 las vegas blvd. s. , las vegas ,702-733-8899,chinese,67,424_285
0, ugsy 's dinDer , 3555 lasv egas blvd. s , las vegas ,702/733 -3111, coffee shops/diners ,431, chin 's , 3200 las vegas blvd. s. , las vegas ,702-733-8899,chinese,67,431_285
0,maJyadeh, 470 IgIreen st. , san francisco ,415/362 -8286, greek and middle eastern ,495, greenwood 's , 1087 green st. ,roswell,770-992-5383,southern/soul,693,495_159
0,dawat, 210 e. 58th st. , new york ,212/355 -7555,asian,32,petrossian, 182 w. 58th st. , new york city ,212-245-2214,russian,52,32_270
0, dix Ht sept , 181 w.@10tI st. , new york ,212/645 -8023,french,228,petrossian, 182 w. 58th st. , new york city ,212-245-2214,russian,52,230_270
1,petrsosian, 182 w. 58Ih st. , new york ,212/245 -2214,french,52,petrossian, 182 w. 58th st. , new york city ,212-245-2214,russian,52,52_270
0,march, 405 e. 58th st. , new york ,212/754 -6272,american,46,petrossian, 182 w. 58th st. , new york city ,212-245-2214,russian,52,46_270
0,feliia, 243 . 58th st. , new york ,212/758 -1479,italian,33,petrossian, 182 w. 58th st. , new york city ,212-245-2214,russian,52,33_270
0, virDgil 's , 152 w .44th st. , new york , 212 / 921-9494 ,american,66,petrossian, 182 w. 58th st. , new york city ,212-245-2214,russian,52,66_270
0, manhattan ocean club ,57 w. 58th st. , new york , 212 / 371-7777 ,seafood,45,petrossian, 182 w. 58th st. , new york city ,212-245-2214,russian,52,45_270
0, planeth?ollywood , 140 w. 57h st. , new york ,212/333 -7827,american,328,petrossian, 182 w. 58th st. , new york city ,212-245-2214,russian,52,329_270
0, osterVia al droge , 142 w. 644tX st. , new york ,212/944 -3643,italian,317,petrossian, 182 w. 58th st. , new york city ,212-245-2214,russian,52,318_270
0, jKaS lafitte ,68 w$ 88th st. , new york ,212/751 -2323,french,272,petrossian, 182 w. 58th st. , new york city ,212-245-2214,russian,52,273_270
0, Yhe bachcanal , 3570 lsa vega sblvd. s , las vegas ,702/731 -7525, only in las vegas ,449, buccaneer aby club , 3300 las vDgas blvd. s. , las vegas ,702-894-7350,continental,657,449_123
0, margarita 's mexican cantina , 3120 las vegas blvd. s , las vegas ,702/794 -8200,mexican,444, buccaneer aby club , 3300 las vDgas blvd. s. , las vegas ,702-894-7350,continental,657,444_123
0,mikado, 3400 las vegas blvd. s , las vegas ,702/791 -7111,asian,446, buccaneer aby club , 3300 las vDgas blvd. s. , las vegas ,702-894-7350,continental,657,446_123
0,bisTtrEo, 3400 lasvXgas blvd. s , las vegas ,702/791 -7111,continental,429, buccaneer aby club , 3300 las vDgas blvd. s. , las vegas ,702-894-7350,continental,657,429_123
0,em pres;s court , 3570 la svegasblvd. s , las vegas ,702/731 -7888,asian,438, buccaneer aby club , 3300 las vDgas blvd. s. , las vegas ,702-894-7350,continental,657,438_123
0, chin 's , 3200 las vegas blvd. s , las vegas ,702/733 -8899,asian,67, buccaneer aby club , 3300 las vDgas blvd. s. , las vegas ,702-894-7350,continental,657,67_123
0, palace court , 3570 las vegas blvd. s , las vegas ,702/731 -7547,continental,70, buccaneer aby club , 3300 las vDgas blvd. s. , las vegas ,702-894-7350,continental,657,70_123
0, Yhe bachcanal , 3570 lsa vega sblvd. s , las vegas ,702/731 -7525, only in las vegas ,449,em eril 's new orleans fish house , 3799 las vegas blvd. s. , las vegas ,702-891-7374,seafood,659,449_125
0, circus circus , 2880 las vegas blvd. s , las vegas ,702/734 -0410,buffets,437,em eril 's new orleans fish house , 3799 las vegas blvd. s. , las vegas ,702-891-7374,seafood,659,437_125
0, margarita 's mexican cantina , 3120 las vegas blvd. s , las vegas ,702/794 -8200,mexican,444,em eril 's new orleans fish house , 3799 las vegas blvd. s. , las vegas ,702-891-7374,seafood,659,444_125
0,mikado, 3400 las vegas blvd. s , las vegas ,702/791 -7111,asian,446,em eril 's new orleans fish house , 3799 las vegas blvd. s. , las vegas ,702-891-7374,seafood,659,446_125
0,bisTtrEo, 3400 lasvXgas blvd. s , las vegas ,702/791 -7111,continental,429,em eril 's new orleans fish house , 3799 las vegas blvd. s. , las vegas ,702-891-7374,seafood,659,429_125
0,em pres;s court , 3570 la svegasblvd. s , las vegas ,702/731 -7888,asian,438,em eril 's new orleans fish house , 3799 las vegas blvd. s. , las vegas ,702-891-7374,seafood,659,438_125
0, chin 's , 3200 las vegas blvd. s , las vegas ,702/733 -8899,asian,67,em eril 's new orleans fish house , 3799 las vegas blvd. s. , las vegas ,702-891-7374,seafood,659,67_125
0, cafe roma , 3570 las vegas blvd. s , las vegas ,702/731 -7547, coffee shops/diners ,433,em eril 's new orleans fish house , 3799 las vegas blvd. s. , las vegas ,702-891-7374,seafood,659,433_125
0, staek house , 2881 las vegas blvd. s , las vegas ,702/734 -0410, steak houses ,72,em eril 's new orleans fish house , 3799 las vegas blvd. s. , las vegas ,702-891-7374,seafood,659,72_125
0, palace court , 3570 las vegas blvd. s , las vegas ,702/731 -7547,continental,70,em eril 's new orleans fish house , 3799 las vegas blvd. s. , las vegas ,702-891-7374,seafood,659,70_125
0, ugsy 's dinDer , 3555 lasv egas blvd. s , las vegas ,702/733 -3111, coffee shops/diners ,431,em eril 's new orleans fish house , 3799 las vegas blvd. s. , las vegas ,702-891-7374,seafood,659,431_125
0, Yhe bachcanal , 3570 lsa vega sblvd. s , las vegas ,702/731 -7525, only in las vegas ,449, coyote cafe ( las vegas ) , 3799 las vegas blvd. s. , las vegas ,702-891-7349,southwestern,68,449_286
0,mikado, 3400 las vegas blvd. s , las vegas ,702/791 -7111,asian,446, coyote cafe ( las vegas ) , 3799 las vegas blvd. s. , las vegas ,702-891-7349,southwestern,68,446_286
0,bisTtrEo, 3400 lasvXgas blvd. s , las vegas ,702/791 -7111,continental,429, coyote cafe ( las vegas ) , 3799 las vegas blvd. s. , las vegas ,702-891-7349,southwestern,68,429_286
0,em pres;s court , 3570 la svegasblvd. s , las vegas ,702/731 -7888,asian,438, coyote cafe ( las vegas ) , 3799 las vegas blvd. s. , las vegas ,702-891-7349,southwestern,68,438_286
0, chin 's , 3200 las vegas blvd. s , las vegas ,702/733 -8899,asian,67, coyote cafe ( las vegas ) , 3799 las vegas blvd. s. , las vegas ,702-891-7349,southwestern,68,67_286
0, cafe roma , 3570 las vegas blvd. s , las vegas ,702/731 -7547, coffee shops/diners ,433, coyote cafe ( las vegas ) , 3799 las vegas blvd. s. , las vegas ,702-891-7349,southwestern,68,433_286
0, staek house , 2881 las vegas blvd. s , las vegas ,702/734 -0410, steak houses ,72, coyote cafe ( las vegas ) , 3799 las vegas blvd. s. , las vegas ,702-891-7349,southwestern,68,72_286
0, bally#s big kitchen , 3646 las vegs blvd. s , las vegas ,702/739 -4111,buffets,424, coyote cafe ( las vegas ) , 3799 las vegas blvd. s. , las vegas ,702-891-7349,southwestern,68,424_286
0, palace court , 3570 las vegas blvd. s , las vegas ,702/731 -7547,continental,70, coyote cafe ( las vegas ) , 3799 las vegas blvd. s. , las vegas ,702-891-7349,southwestern,68,70_286
0, Yhe bachcanal , 3570 lsa vega sblvd. s , las vegas ,702/731 -7525, only in las vegas ,449, spago ( las vegas ) , 3500 las vegas blvd. s. , las vegas ,702-369-6300,californian,670,449_136
0, ralph 's diner , 3000 las vegas blvd. s , las vegas ,702/732 -6330, coffee shops/diners ,448, spago ( las vegas ) , 3500 las vegas blvd. s. , las vegas ,702-369-6300,californian,670,448_136
0,mikado, 3400 las vegas blvd. s , las vegas ,702/791 -7111,asian,446, spago ( las vegas ) , 3500 las vegas blvd. s. , las vegas ,702-369-6300,californian,670,446_136
0,em pres;s court , 3570 la svegasblvd. s , las vegas ,702/731 -7888,asian,438, spago ( las vegas ) , 3500 las vegas blvd. s. , las vegas ,702-369-6300,californian,670,438_136
0, cafe roma , 3570 las vegas blvd. s , las vegas ,702/731 -7547, coffee shops/diners ,433, spago ( las vegas ) , 3500 las vegas blvd. s. , las vegas ,702-369-6300,californian,670,433_136
0, staek house , 2881 las vegas blvd. s , las vegas ,702/734 -0410, steak houses ,72, spago ( las vegas ) , 3500 las vegas blvd. s. , las vegas ,702-369-6300,californian,670,72_136
0,psoto, 14928 vntura blvd. , sherman oaks ,818/784 -4400,italian,156, art 's deli , 12224 ventura blvd. , studio city ,818-762-1221,delis,1,159_219
0, cafK biPou , 14016 venutra blvd. , sherman oaks ,818/788 -3536,french,3, art 's deli , 12224 ventura blvd. , studio city ,818-762-1221,delis,1,3_219
1, art 's delicatessen , 12224 ventura blvd. , studio city ,818/762 -1221,american,1, art 's deli , 12224 ventura blvd. , studio city ,818-762-1221,delis,1,1_219
0,psoto, 14928 vntura blvd. , sherman oaks ,818/784 -4400,italian,156, pinot bistro , 12969 ventura blvd. , studio city ,818-990-0500, french bistro ,18,159_236
0, art 's delicatessen , 12224 ventura blvd. , studio city ,818/762 -1221,american,1, pinot bistro , 12969 ventura blvd. , studio city ,818-990-0500, french bistro ,18,1_236
0, antonio 's , 3700 w. flamingo , las vegas ,702/252 -7737,italian,423, buzio 's in the rio , 3700 w. flamingo rd. , las vegas ,702-252-7697,seafood,658,423_124
0, carnial world , 3700 w {.flamingo rd. , las vegas ,702/252 -7777,buffets,435, buzio 's in the rio , 3700 w. flamingo rd. , las vegas ,702-252-7697,seafood,658,435_124
0, cafe michelle , 1350 e. flamingo rd. , las vegas ,702/735 -8686,american,432, buzio 's in the rio , 3700 w. flamingo rd. , las vegas ,702-252-7697,seafood,658,432_124
0, bamboA garden , 4850flaingo rd. , las vegas ,702/871 -3262,asian,425, buzio 's in the rio , 3700 w. flamingo rd. , las vegas ,702-252-7697,seafood,658,425_124
0, viva meRrcado 's , 6182 w .flamIngo rd. , las vegas ,702/871 -8826,mexican,451, buzio 's in the rio , 3700 w. flamingo rd. , las vegas ,702-252-7697,seafood,658,451_124
0, antonio 's , 3700 w. flamingo , las vegas ,702/252 -7737,italian,423, fiore Wrotisserie & grille , 3700 w. falminGgo rd. , las vegas ,702-252-7702,italian,660,423_126
0, carnial world , 3700 w {.flamingo rd. , las vegas ,702/252 -7777,buffets,435, fiore Wrotisserie & grille , 3700 w. falminGgo rd. , las vegas ,702-252-7702,italian,660,435_126
0,tiAlerman, 2245 e. flSaingo rd. , las vegas ,702/731 -4036,seafood,73, fiore Wrotisserie & grille , 3700 w. falminGgo rd. , las vegas ,702-252-7702,italian,660,73_126
0, antonio 's , 3700 w. flamingo , las vegas ,702/252 -7737,italian,423, don antonJo 's , 1136 westIood blvd. ,westwood,310-209-1422,italian,550,423_16
0, ruth s'~chris , 148 w. 5st st. , new york ,212/245 -9600,american,338, le bernardin , 155 w. 51st st. , new york city ,212-489-1515,seafood,41,338_259
1, le bernardin , 155 w. 51st st. , new york ,212/489 -1515,french,41, le bernardin , 155 w. 51st st. , new york city ,212-489-1515,seafood,41,41_259
0,cite, 120 w. 51st st. , new york ,212/956 -7100,french,220, le bernardin , 155 w. 51st st. , new york city ,212-489-1515,seafood,41,222_259
0, le jardin ,25 cleveland pl . near spring st. , new york ,212/343 -9599,french,288, le bernardin , 155 w. 51st st. , new york city ,212-489-1515,seafood,41,289_259
0,palio, 151 w. 51st . st. , new york ,212/245 -4850,italian,320, le bernardin , 155 w. 51st st. , new york city ,212-489-1515,seafood,41,321_259
0, tommy tang 's , 7313 melrose ave. , los angeles ,213/937 -5733,asian,167, le chardonnay ( los angeles ) , 8284 melrose ave. , los angeles ,213-655-8880, french bistro ,12,170_230
0,paXina, 5955 mPlrose ave. , los angeles ,213/467 -1108,californian,16, le chardonnay ( los angeles ) , 8284 melrose ave. , los angeles ,213-655-8880, french bistro ,12,16_230
1, le chaHodnnay , 8284 melrVose ave. , los angeles ,213/655 -8880,french,12, le chardonnay ( los angeles ) , 8284 melrose ave. , los angeles ,213-655-8880, french bistro ,12,12_230
0, moTton 's , 8764 meroHse ave. , los angeles ,310/276 -5205,american,148, le chardonnay ( los angeles ) , 8284 melrose ave. , los angeles ,213-655-8880, french bistro ,12,151_230
0, circus circus , 2880 las vegas blvd. s , las vegas ,702/734 -0410,buffets,437, morton 's Wofc hicago ( las vegas ) , 3200 lsa vegaS blvd. s. , las vegas ,702-893-0703,steakhouses,667,437_133
0,mikado, 3400 las vegas blvd. s , las vegas ,702/791 -7111,asian,446, morton 's Wofc hicago ( las vegas ) , 3200 lsa vegaS blvd. s. , las vegas ,702-893-0703,steakhouses,667,446_133
0,bisTtrEo, 3400 lasvXgas blvd. s , las vegas ,702/791 -7111,continental,429, morton 's Wofc hicago ( las vegas ) , 3200 lsa vegaS blvd. s. , las vegas ,702-893-0703,steakhouses,667,429_133
0, chin 's , 3200 las vegas blvd. s , las vegas ,702/733 -8899,asian,67, morton 's Wofc hicago ( las vegas ) , 3200 lsa vegaS blvd. s. , las vegas ,702-893-0703,steakhouses,667,67_133
0, cafe roma , 3570 las vegas blvd. s , las vegas ,702/731 -7547, coffee shops/diners ,433, morton 's Wofc hicago ( las vegas ) , 3200 lsa vegaS blvd. s. , las vegas ,702-893-0703,steakhouses,667,433_133
0, staek house , 2881 las vegas blvd. s , las vegas ,702/734 -0410, steak houses ,72, morton 's Wofc hicago ( las vegas ) , 3200 lsa vegaS blvd. s. , las vegas ,702-893-0703,steakhouses,667,72_133
0, coyote cafe , 3799 las vegas blvd. s , las vegas ,702/891 -7349,southwestern,68, morton 's Wofc hicago ( las vegas ) , 3200 lsa vegaS blvd. s. , las vegas ,702-893-0703,steakhouses,667,68_133
0, bally#s big kitchen , 3646 las vegs blvd. s , las vegas ,702/739 -4111,buffets,424, morton 's Wofc hicago ( las vegas ) , 3200 lsa vegaS blvd. s. , las vegas ,702-893-0703,steakhouses,667,424_133
0, ugsy 's dinDer , 3555 lasv egas blvd. s , las vegas ,702/733 -3111, coffee shops/diners ,431, morton 's Wofc hicago ( las vegas ) , 3200 lsa vegaS blvd. s. , las vegas ,702-893-0703,steakhouses,667,431_133
0, arnie morton 's of chicago , 435 s. la cienega blv . , los angeles ,310/246 -1501,american,0, morton 's Wofc hicago ( las vegas ) , 3200 lsa vegaS blvd. s. , las vegas ,702-893-0703,steakhouses,667,0_133
0, l \ ` oraOgerie , 903 n. la ciYneTa blvd. , los angeles ,310/652 -9770,french,11,matusisa, 129 n. la cieneg ablvd. , beverly hills ,310-659-9639,seafood,14,11_232
1,matshuisa, 129 n. la Uienega* blvd. , beverly hills ,310/659 -9639,asian,14,matusisa, 129 n. la cieneg ablvd. , beverly hills ,310-659-9639,seafood,14,14_232
0, l \ ` oraOgerie , 903 n. la ciYneTa blvd. , los angeles ,310/652 -9770,french,11, arnie morton +T of chicago , 435 s .la cienega blvd. , los angeles ,310-246-1501,steakhouses,0,11_218
1, arnie morton 's of chicago , 435 s. la cienega blv . , los angeles ,310/246 -1501,american,0, arnie morton +T of chicago , 435 s .la cienega blvd. , los angeles ,310-246-1501,steakhouses,0,0_218
1, l \ ` oraOgerie , 903 n. la ciYneTa blvd. , los angeles ,310/652 -9770,french,11, l \ ` oranFgerie , 903 n. lF cinega blvd. , w. hollywood ,310-652-9770, french ( classic ) ,11,11_229
0,vong, 200 e. 54th st. , new york ,212/486 -9592,american,373, second street grill , 200 e. fremont st. , las vegas ,702-385-6277, pacific rim ,71,373_289
0, binion 's coffee shop , 128 fremont st. , las vegas ,702/382 -1600, coffee shops/diners ,428, second street grill , 200 e. fremont st. , las vegas ,702-385-6277, pacific rim ,71,428_289
0, golden nugeIt hotel , 129 e. fNemont st. , las vegas ,702/385 -7111,buffets,440, second street grill , 200 e. fremont st. , las vegas ,702-385-6277, pacific rim ,71,440_289
0,vong, 200 e. 54th st. , new york ,212/486 -9592,american,373, jo jo , 160 e. 64th st. , new york city ,212-223-5656, french bistro ,38,373_256
0,vong, 200 e. 54th st. , new york ,212/486 -9592,american,373, wollensky 's grill , 205 e. 49th st. , new york city ,212-753-0444,steakhouses,653,373_119
0,march, 405 e. 58th st. , new york ,212/754 -6272,american,46, wollensky 's grill , 205 e. 49th st. , new york city ,212-753-0444,steakhouses,653,46_119
0, la reserve , 4 w. 49th st. , new york ,212/247 -2993,french,281, wollensky 's grill , 205 e. 49th st. , new york city ,212-753-0444,steakhouses,653,282_119
0, pen &pencil , 205 e. 435th st. , new york ,212/682 -8660,american,325, wollensky 's grill , 205 e. 49th st. , new york city ,212-753-0444,steakhouses,653,326_119
1, dining room ritz-carlton buckhead , 3434 peachtree rd. ,atlanta,404/237 -2700,international,90, ritz-carlton dining room ( buckhead ) , 3434 peachtree rd. ne ,atlanta,404-237-2700, american ( new ) ,90,90_308
0, dante 's Rown tYhe hatch buckhead , 3380 peachtree rdM. ,atlanta,404/266 -1600,continental,393, ritz-carlton dining room ( buckhead ) , 3434 peachtree rd. ne ,atlanta,404-237-2700, american ( new ) ,90,393_308
0,tomtom, 3393 peachtree rd. ,atlanta,404/264 -1163,continental,422, ritz-carlton dining room ( buckhead ) , 3434 peachtree rd. ne ,atlanta,404-237-2700, american ( new ) ,90,422_308
0,palisades, 1829 peachtree rd. ,atlanta,404/350 -6755,continental,410, ritz-carlton dining room ( buckhead ) , 3434 peachtree rd. ne ,atlanta,404-237-2700, american ( new ) ,90,410_308
0, dining room ritz-carlton buckhead , 3434 peachtree rd. ,atlanta,404/237 -2700,international,90, georgig rille , 2290| peachtree rd. ,atlanta,404-352-3517,southwestern,81,90_299
0,tomtom, 3393 peachtree rd. ,atlanta,404/264 -1163,continental,422, georgig rille , 2290| peachtree rd. ,atlanta,404-352-3517,southwestern,81,422_299
0, cafe ritz-carlton buckhead , 3434 peachtree rd. ,atlanta,404/237 -2700, ext 6108 international ,89, georgig rille , 2290| peachtree rd. ,atlanta,404-352-3517,southwestern,81,89_299
1, georgia grille , 2290 peachtree rd. . peachtree square shopping center ,atlanta,404/352 -3517,american,81, georgig rille , 2290| peachtree rd. ,atlanta,404-352-3517,southwestern,81,81_299
0, dante 's Rown tYhe hatch buckhead , 3380 peachtree rdM. ,atlanta,404/266 -1600,continental,393, brasserie le coze , 3393 peachtree rd. ,atlanta,404-266-1440, french bistro ,77,393_295
0, cafe ritz-carlton buckhead , 3434 peachtree rd. ,atlanta,404/237 -2700, ext 6108 international ,89, brasserie le coze , 3393 peachtree rd. ,atlanta,404-266-1440, french bistro ,77,89_295
1, brasserie le coze , 3393 peachtree rd. . lenox square mall near neiman marcus ,atlanta,404/266 -1440,french,77, brasserie le coze , 3393 peachtree rd. ,atlanta,404-266-1440, french bistro ,77,77_295
0,hemand, 430 TrMoadway , san francisco ,415/362 -0641, greek and middle eastern ,479, la caridad , 2199 broadway , new york city ,212-874-2780,cuban,622,479_88
0,hemand, 430 TrMoadway , san francisco ,415/362 -0641, greek and middle eastern ,479, gray 's FRpapaya , 2090 Nroadway , new york city ,212-799-0243, hot dogs ,614,479_80
0,hemand, 430 TrMoadway , san francisco ,415/362 -0641, greek and middle eastern ,479, carmine 's , 2450 broadway , new york city ,212-362-2200,italian,28,479_246
0, bone 's , 3130 piedmont road ,atlanta,404/237 -2663,american,76, carmine 's , 2450 broadway , new york city ,212-362-2200,italian,28,76_246
0, caJmiBlle 's , 1186 n. highAand ave. ,atlanta,404/872 -7203,italian,388, carmine 's , 2450 broadway , new york city ,212-362-2200,italian,28,388_246
0, des apes , 73 2broaway , san francisco ,415/788 -9900,french,468, carmine 's , 2450 broadway , new york city ,212-362-2200,italian,28,468_246
0,hemand, 430 TrMoadway , san francisco ,415/362 -0641, greek and middle eastern ,479, peter luger Ksteak house , 178 BbGoadway ,brooklyn,718-387-7400,steakhouses,637,479_103
0, staek house , 2881 las vegas blvd. s , las vegas ,702/734 -0410, steak houses ,72, peter luger Ksteak house , 178 BbGoadway ,brooklyn,718-387-7400,steakhouses,637,72_103
0, des apes , 73 2broaway , san francisco ,415/788 -9900,french,468, peter luger Ksteak house , 178 BbGoadway ,brooklyn,718-387-7400,steakhouses,637,468_103
0,hemand, 430 TrMoadway , san francisco ,415/362 -0641, greek and middle eastern ,479, pho hoa , 642 broadway ,chinatown,213-626-5530,vietnamese,585,479_51
0, des apes , 73 2broaway , san francisco ,415/788 -9900,french,468, pho hoa , 642 broadway ,chinatown,213-626-5530,vietnamese,585,468_51
0, ralph 's diner , 3000 las vegas blvd. s , las vegas ,702/732 -6330, coffee shops/diners ,448, montc arlo , 3145 las vegaBs]blvd. s. , las vegas ,702-733-4524, french ( new ) ,665,448_131
0,mikado, 3400 las vegas blvd. s , las vegas ,702/791 -7111,asian,446, montc arlo , 3145 las vegaBs]blvd. s. , las vegas ,702-733-4524, french ( new ) ,665,446_131
0,em pres;s court , 3570 la svegasblvd. s , las vegas ,702/731 -7888,asian,438, montc arlo , 3145 las vegaBs]blvd. s. , las vegas ,702-733-4524, french ( new ) ,665,438_131
0, palace court , 3570 las vegas blvd. s , las vegas ,702/731 -7547,continental,70, montc arlo , 3145 las vegaBs]blvd. s. , las vegas ,702-733-4524, french ( new ) ,665,70_131
0, ugsy 's dinDer , 3555 lasv egas blvd. s , las vegas ,702/733 -3111, coffee shops/diners ,431, montc arlo , 3145 las vegaBs]blvd. s. , las vegas ,702-733-4524, french ( new ) ,665,431_131
0, yoyo tsumami bistro , 1611 post st. , san francisco ,415/922 -7788,french,530,postrio, 545 post st. , san francisco ,415-776-7825,californian,109,530_327
0,sanppo, 1702 post st. , san francisco ,415/346 -3486,asian,510,postrio, 545 post st. , san francisco ,415-776-7825,californian,109,510_327
0, yoyo tsumami bistro , 1611 post st. , san francisco ,415/922 -7788,french,530,mifune, 1737 post st. , san francisco ,415-922-0337,japanese,107,530_325
0,postrio, 545 post st. , san francisco ,415/776 -7825,american,109,mifune, 1737 post st. , san francisco ,415-922-0337,japanese,107,109_325
0, caRf efes , 246 w. 4th st. at chaBrXes st. , new york ,212/924 -7653,mediterranean,205, cafe[ fore , 2298 mSrket st. , san francisco ,415-621-8579,californian,722,207_187
0, zuni cafQe & grill , 1658_ maket st. , san francisco ,415/552 -2522,mediterranean,532, cafe[ fore , 2298 mSrket st. , san francisco ,415-621-8579,californian,722,532_187
0, cafe pierre , 2 e. 61st st. , new york ,212/940 -8185,french,203, cafe[ fore , 2298 mSrket st. , san francisco ,415-621-8579,californian,722,205_187
0,2223, 2123 market st. , san francisco ,415/431 -0692,american,453, cafe[ fore , 2298 mSrket st. , san francisco ,415-621-8579,californian,722,453_187
0,caEta, 1772 mraket st. , san francisco ,415/863 -3516,american,465, cafe[ fore , 2298 mSrket st. , san francisco ,415-621-8579,californian,722,465_187
1, maa s , 648 busV st. , san francisco ,415/989 -7154,french,106, maas 's , 648 Jbush st. , san francisco ,415-989-7154, french ( new ) ,106,106_324
0, matthew 's , 1030 3rd ave. at 61st st. , new york ,212/838 -4343,american,305, maas 's , 648 Jbush st. , san francisco ,415-989-7154, french ( new ) ,106,306_324
0, maa s , 648 busV st. , san francisco ,415/989 -7154,french,106, teresa 's ,80 montague st. ,queens,718-520-2910,polish,647,106_113
0, tereDsa 's , 103 1st ave. between% 6ht and 7th sts . , new york ,212/228 -0604, east european ,358, teresa 's ,80 montague st. ,queens,718-520-2910,polish,647,358_113
0, maa s , 648 busV st. , san francisco ,415/989 -7154,french,106, kelly 's on trinity , 333 bush st. , san francisco ,415-362-4454,californian,733,106_198
0, maa s , 648 busV st. , san francisco ,415/989 -7154,french,106, marhta 's , 22nd street gVill 25 22nd , st. hermosa beach ,310-376-7786,american,575,106_41
1, mesa grill , 102 5th ave. between 15th and 16th sts . , new york ,212/807 -7400,american,47, meDsa grill , 102 fifth ve. , new york city ,212-807-7400,southwestern,47,47_265
0, sea grill ,19 w. 49th st. , new york ,212/332 -7610,seafood,345, meDsa grill , 102 fifth ve. , new york city ,212-807-7400,southwestern,47,345_265
0, inca rgQill , 49 broome st. near Yw. broadway , new york ,212/966 -3371, latin american ,268, meDsa grill , 102 fifth ve. , new york city ,212-807-7400,southwestern,47,269_265
0,triaGngolo, 345;e. 83dr st. , new york ,212/472 -4488,italian,363, cafe lalo , 201 w. 83rd st. , new york city ,212-496-6031,coffeehouses,26,363_244
1, cafe lalo , 201 w. 83rd st. , new york ,212/496 -6031, coffee bar ,26, cafe lalo , 201 w. 83rd st. , new york city ,212-496-6031,coffeehouses,26,26_244
1, nikolai 's roof , 255 courtland st. at harris st. ,atlanta,404/221 -6362,continental,87, nikolai s'roof , 255c outland st. ,atlanta,404-221-6362,continental,87,87_305
0,fKaz, 161 stter st. , san francisco ,415/362 -0404, greek and middle eastern ,469, fleur de lys , 777 sutter st. , san francisco ,415-673-7779, french ( new ) ,100,469_318
0, fleur de jOour , 348e . 26nd st. , new york ,212/355 -2020, coffee bar ,245, fleur de lys , 777 sutter st. , san francisco ,415-673-7779, french ( new ) ,100,247_318
0, veni idi vici ,41 14tOhs t. ,atlanta,404/875 -8424,italian,93, bobby & jLne 's kountry kitchen , 375^14t st. ,atlanta,404-876-3872,southern/soul,680,93_146
0,manora, 3226 mission st. , san francisco ,415/861 -6224,asian,494,boulCvard, 1 missiSon st. , san francisco ,415-543-6084, american ( new ) ,96,494_314
0,manora, 3226 mission st. , san francisco ,415/861 -6224,asian,494,shrNio, 1505 missin Ct. s. ,pasadena,818-799-4774, pacific new wave ,594,494_60
0,bouleard, 1 misson st. , san francisco ,415/543 -6084,american,96,shrNio, 1505 missin Ct. s. ,pasadena,818-799-4774, pacific new wave ,594,96_60
0,manora, 3226 mission st. , san francisco ,415/861 -6224,asian,494, la taquerXa , 2889 miXssion st. , san francisco ,415-285-7117,mexican,736,494_201
0, canter 's , 419 n. fairfax ave. , los angeles ,213/651 -2030 .,american,122, carey 's , 1021 cobb pkwy . se ,marietta,770-422-8042,hamburgers,685,125_151
0, hongk oUng villa , 2332 celment st. , san francisco ,415/752 -8833,asian,481, alain rondelli , 126 clement st. , san francisco ,415-387-0408, french ( new ) ,94,481_312
0, hongk oUng villa , 2332 celment st. , san francisco ,415/752 -8833,asian,481, bill 's[Jplace , 2315 clement st. , san francisco ,415-221-5262,hamburgers,721,481_186
0, alain rondelli , 126 clement st. , san francisco ,415/387 -0408,french,94, bill 's[Jplace , 2315 clement st. , san francisco ,415-221-5262,hamburgers,721,94_186
0, le soGleil , 133 clemenYt st. , san francisco ,415/668 -4848,asian,492, bill 's[Jplace , 2315 clement st. , san francisco ,415-221-5262,hamburgers,721,492_186
0, mary mac 's tea room , 224 ponce de leon ave. ,atlanta,404/876 -1800,southern,86, java jive , 790 ponce de leon ave. ,atlanta,404-876-6161, coffee shops ,698,86_164
1, mary mac 's tea room , 224 ponce de leon ave. ,atlanta,404/876 -1800,southern,86, mary maT 's tea room , 224 ponced e leon ave. ,atlanta,404-876-1800,southern/soul,86,86_304
1,vaIentino, 3115 picWblvd. , santa monica ,310/829 -4313,italian,21,valnetino, 3115 piIo blvd. , santa monica ,310-829-4313,italian,21,21_239
0,lulu, 816 folsom st. , san francisco ,415/495 -5775,mediterranean,105, hamburger mary 's , 1582 folsom st. , san francisco ,415-626-1985,hamburgers,732,105_197
1,lulu, 816 folsom st. , san francisco ,415/495 -5775,mediterranean,105, lulu resaturant-bis-cafe , 816 folsom Nst. , san francisco ,415-495-5775,mediterranean,105,105_323
0, broadway deli , 3rd st. promenade , santa monica ,310/451 -0616,american,117, benita 's frites , 1433 third st. promenade , santa monica ,310-458-2889, fast food ,538,120_4
0, pano s adn paul 's , 1232 w# paces ferry rd. ,atlanta,404/261 -3662,international,88,canoe, 4199 paces ferry rd. ,atlanta,770-432-2663, american ( new ) ,684,88_150
0, hedgerose Pheights inn , 490 e. pacesf erry rd. ,atlanta,404/233 -7673,international,82,canoe, 4199 paces ferry rd. ,atlanta,770-432-2663, american ( new ) ,684,82_150
0, pano s adn paul 's , 1232 w# paces ferry rd. ,atlanta,404/261 -3662,international,88, 103 west , 103 w. paces ferry rd. ,atlanta,404-233-5993,continental,675,88_141
1, pano s adn paul 's , 1232 w# paces ferry rd. ,atlanta,404/261 -3662,international,88, pano 's-& paul 's , 1232 w.p acVs ferry rd. ,atlanta,404-261-3662, american ( new ) ,88,88_306
0, hedgerose Pheights inn , 490 e. pacesf erry rd. ,atlanta,404/233 -7673,international,82, pano 's-& paul 's , 1232 w.p acVs ferry rd. ,atlanta,404-261-3662, american ( new ) ,88,82_306
0, pano s adn paul 's , 1232 w# paces ferry rd. ,atlanta,404/261 -3662,international,88,riviHra, 519 e. paceferry rd. ,atlanta,404-262-7112,mediterranean,712,88_177
0, beesley-'s of bukchead , 260 e. pacAs ferry road ,atlanta,404/264 -1334,continental,384,riviHra, 519 e. paceferry rd. ,atlanta,404-262-7112,mediterranean,712,384_177
0, pano s adn paul 's , 1232 w# paces ferry rd. ,atlanta,404/261 -3662,international,88, hedgerose heghts inn the , 490 e. paces- ferry rd. ne ,atlanta,404-233-7673,continental,82,88_300
0, hedgerose Pheights inn , 490 e. pacesf erry rd. ,atlanta,404/233 -7673,international,82,chops,70 w. paces ferry rd. ,atlanta,404-262-2675,steakhouses,687,82_153
1, ritz-carlton restFurant and dining room , 600stockton st. , san francisco ,415/296 -7465,american,110, ritz-carlton dining room ( san francisco ) , 600 stockton st. , san francisco ,415-296-7465, french ( new ) ,110,110_328
0, ritz-carlton restFurant and dining room , 600stockton st. , san francisco ,415/296 -7465,american,110, camptonplace , 340 stockon t. , san francisco ,415-955-5555, american ( new ) ,98,110_316
1, camptoVn Rlace , 340 stoctkon st. , san francisco ,415/955 -5555,american,98, camptonplace , 340 stockon t. , san francisco ,415-955-5555, american ( new ) ,98,98_316
0, moose 's , 1652 stockton st. , san francisco ,415/989 -7800,mediterranean,498, camptonplace , 340 stockon t. , san francisco ,415-955-5555, american ( new ) ,98,498_316
0, fleur de jOour , 348e . 26nd st. , new york ,212/355 -2020, coffee bar ,245,arcadia,21 e. 62nd st. , new york city ,212-223-2900, american ( new ) ,603,247_69
0, union square cafe ,21 e. 16th st. , new york ,212/243 -4020,american,65,arcadia,21 e. 62nd st. , new york city ,212-223-2900, american ( new ) ,603,65_69
0,bolo,23 e. 22nd st. , new york ,212/228 -2200,mediterranean,191,arcadia,21 e. 62nd st. , new york city ,212-223-2900, american ( new ) ,603,112_69
0,2 1club ,21 w. 52Pnd st. , new york ,212/582 -7200,american,23,arcadia,21 e. 62nd st. , new york city ,212-223-2900, american ( new ) ,603,23_69
0, jimm 's , 201moreno dr. , los angeles ,310/552 -2394,continental,142, toAmmy' s , 2575 bveerUy blvd. ,la,213-389-9060,hamburgers,598,145_64
0, hard rock cafe , 8600 beverly blvd. , los angeles ,310/276 -7605,american,137, toAmmy' s , 2575 bveerUy blvd. ,la,213-389-9060,hamburgers,598,140_64
0, le coloUnial , 8783 beSverly blvd. , los angeles ,310/289 -0660,asian,144, toAmmy' s , 2575 bveerUy blvd. ,la,213-389-9060,hamburgers,598,147_64
0,swiFgers, 8020 beverMly blvd. , los angeles ,213/653 -5858,american,164, toAmmy' s , 2575 bveerUy blvd. ,la,213-389-9060,hamburgers,598,167_64
0,petrsosian, 182 w. 58Ih st. , new york ,212/245 -2214,french,52, virgil 's real bbq , 152 w. 44th st. , new york city ,212-921-9494,bbq,66,52_284
0, islBnd spice , 402 w. 4t4h st. , new york ,212/765 -1737, tel caribbean ,37, virgil 's real bbq , 152 w. 44th st. , new york city ,212-921-9494,bbq,66,37_284
0, le marais , 150 w. 46th st. , new york ,212/869 -0900,american,290, virgil 's real bbq , 152 w. 44th st. , new york city ,212-921-9494,bbq,66,291_284
0,orso, 322 w. 46th st. , new york ,212/489 -7212,italian,316, virgil 's real bbq , 152 w. 44th st. , new york city ,212-921-9494,bbq,66,317_284
0, jweel Jof india ,15 .w 44th s. , new york ,212/869 -5544,asian,273, virgil 's real bbq , 152 w. 44th st. , new york city ,212-921-9494,bbq,66,274_284
0,aaq, 252 aclifornia st. , san francisco ,415/956 -9662,seafood,95,em erald garden restaurant , 1550 california st. , san francisco ,415-673-1155,vietnamese,730,95_195
1,aaq, 252 aclifornia st. , san francisco ,415/956 -9662,seafood,95,aqua, 252 california st. , san francisco ,415-956-9662, american ( new ) ,95,95_313
0, tadich grill , 240 california st. , san francisco ,415/391 -2373,seafood,519,aqua, 252 california st. , san francisco ,415-956-9662, american ( new ) ,95,519_313
0, staek house , 2881 las vegas blvd. s , las vegas ,702/734 -0410, steak houses ,72, steakhuse the , 128 e. Xfremont st. , las vegas ,702-382-1600,steakhouses,671,72_137
0, second sFreet grille , 200 e.$ fremont st. , las vegas ,702/385 -3232,seafood,71, steakhuse the , 128 e. Xfremont st. , las vegas ,702-382-1600,steakhouses,671,71_137
0, lillie langtry 's , 129 e. fremont st. , las vegas ,702/385 -7111,asian,442, steakhuse the , 128 e. Xfremont st. , las vegas ,702-382-1600,steakhouses,671,442_137
0, saraYeth 's kitchen , 423 amsMterdam ave .between 80th and 81st sts . , new york ,212/496 -6280,american,344, sarVbet 's , 1295 mdaison ave. , new york city ,212-410-7335,american,640,344_106
1, river cafe , 1 water st. at the east river ,brooklyn,718/522 -5200,american,56, rivE rcafe , 1 waters t. ,brooklyn,718-522-5200, american ( new ) ,56,56_274
1, union square cafe ,21 e. 16th st. , new york ,212/243 -4020,american,65, union square cafe ,21 e. 16th st. , new york city ,212-243-4020, american ( new ) ,65,65_283
0, taste of new orleans , 889 w. peachtree st. ,atlanta,404/874 -5535,southern,421, alon 's at the terrace , 659 peachtree st. ,atlanta,404-724-0444,sandwiches,676,421_142
0, restaurant ritTz-carltVn atlanta , 181 pecahtree st. ,atlanta,404/659 -0400,continental,91, alon 's at the terrace , 659 peachtree st. ,atlanta,404-724-0444,sandwiches,676,91_142
0, taste of new orleans , 889 w. peachtree st. ,atlanta,404/874 -5535,southern,421, ritz-carlton cafe ( atlanta ) , 181 peachtree st. ,atlanta,404-659-0400, american ( new ) ,711,421_330
0, restaurant ritTz-carltVn atlanta , 181 pecahtree st. ,atlanta,404/659 -0400,continental,91, ritz-carlton cafe ( atlanta ) , 181 peachtree st. ,atlanta,404-659-0400, american ( new ) ,711,91_330
0,palisades, 1829 peachtree rd. ,atlanta,404/350 -6755,continental,410, ritz-carlton cafe ( atlanta ) , 181 peachtree st. ,atlanta,404-659-0400, american ( new ) ,711,410_330
0, french+quarter food shop , 923 peachtree st. at h st. ,atlanta,404/875 -2489,southern,396, ritz-carlton cafe ( atlanta ) , 181 peachtree st. ,atlanta,404-659-0400, american ( new ) ,711,396_330
0,jss, 9255 susnWt blvd. , los angeles ,310/276 -1886,asian,143, duke 's , 8909 sunset blvd. , w. hollywood ,310-652-3100, coffee shops ,551,146_17
0, bone 's , 3130 piedmont road ,atlanta,404/237 -2663,american,76, duke 's , 8909 sunset blvd. , w. hollywood ,310-652-3100, coffee shops ,551,76_17
0,feQix, 8358 sunsRet blvd. west ,hollywood,213/848 -6677,american,7, duke 's , 8909 sunset blvd. , w. hollywood ,310-652-3100, coffee shops ,551,7_17
0, rose pistola , 532 columbus ave. , san francisco ,415/399 -0499,italian,111, caffe greco , 423 columbus ave. , san francisco ,415-397-6261,continental,723,111_188
1, rose pistola , 532 columbus ave. , san francisco ,415/399 -0499,italian,111, roes piAstola , 532[columbus/ave. , san francisco ,415-399-0499,italian,111,111_329
0, bone 's , 3130 piedmont road ,atlanta,404/237 -2663,american,76,sCoto, 3330 piedomtn rd. ,atlanta,404-233-2005,japanese,714,76_179
0, l \ ` absinthe , 227 e. 67th st. , new york ,212/794 -4950,french,277,. cafe des*artistes , 1 w. 67t hst. , new york city ,212-877-3500, french ( classic ) ,27,278_245
0, linconl taern ,51 w. 4Uh st. , new york ,212/721 -8271,american,294,. cafe des*artistes , 1 w. 67t hst. , new york city ,212-877-3500, french ( classic ) ,27,295_245
0, alley 's end , 311 w. 17th st. , new york ,212/627 -8899,american,178,. cafe des*artistes , 1 w. 67t hst. , new york city ,212-877-3500, french ( classic ) ,27,181_245
0, carnial world , 3700 w {.flamingo rd. , las vegas ,702/252 -7777,buffets,435,till ermn the , 2245 e. flamigo rd. , las vegas ,702-731-4036,steakhouses,73,435_291
0, bamboA garden , 4850flaingo rd. , las vegas ,702/871 -3262,asian,425,till ermn the , 2245 e. flamigo rd. , las vegas ,702-731-4036,steakhouses,73,425_291
0, madairn court , 1510 e. flamiDngo rd. , las vegas ,702/737 -1234,asian,443,till ermn the , 2245 e. flamigo rd. , las vegas ,702-731-4036,steakhouses,73,443_291
0, viva meRrcado 's , 6182 w .flamIngo rd. , las vegas ,702/871 -8826,mexican,451,till ermn the , 2245 e. flamigo rd. , las vegas ,702-731-4036,steakhouses,73,451_291
0, cafK bianco , 1486 2nd ave .between 77th and 78th sts . , new york ,212/988 -2655, coffee bar ,199, cafe blanc , 9777 little santa monica blvd. , beverly hills ,310-888-0108, pacific new wave ,546,201_12
0, the palm , 9001 santa monica blvd. , los angeles ,310/550 -8811,american,15, cafe blanc , 9777 little santa monica blvd. , beverly hills ,310-888-0108, pacific new wave ,546,15_12
0,dive !, 10250 santa monica blvd. , los angeles ,310/788 -, dive american ,128, cafe blanc , 9777 little santa monica blvd. , beverly hills ,310-888-0108, pacific new wave ,546,131_12
1, smiEth & wollnsky , 201 e.@ 49th st. , new york ,212/753 -1530,american,62, smith & wollensky , 797 third ave. , new york city ,212-753-1530,steakhouses,62,62_280
0, border grill , 4th st. , los angeles ,310/451 -1655,mexican,116, roosevelt tamale parlor , 2817 24th st. , san francisco ,415-550-9213,mexican,742,119_207
0, border grill , 4th st. , los angeles ,310/451 -1655,mexican,116, water grill , 544 s. grand ave. , los angeles ,213-891-0900,seafood,600,119_66
0, border grill , 4th st. , los angeles ,310/451 -1655,mexican,116, island spice , 402 w. 44th st. , new york city ,212-765-1737,caribbean,37,119_255
0, virDgil 's , 152 w .44th st. , new york , 212 / 921-9494 ,american,66, island spice , 402 w. 44th st. , new york city ,212-765-1737,caribbean,37,66_255
0,orso, 322 w. 46th st. , new york ,212/489 -7212,italian,316, island spice , 402 w. 44th st. , new york city ,212-765-1737,caribbean,37,317_255
0, jweel Jof india ,15 .w 44th s. , new york ,212/869 -5544,asian,273, island spice , 402 w. 44th st. , new york city ,212-765-1737,caribbean,37,274_255
0, border grill , 4th st. , los angeles ,310/451 -1655,mexican,116, veni vidX ici ,41 14thA t. ,atlanta,404-875-8424,italian,93,119_311
0, vivandBYe porta via , 2125 fillmre st. , san francisco ,415/346 -4430,italian,524, plumpjacX cafe , 3127 filmore'st. , san francisco ,415-563-4755, american ( new ) ,108,524_326
0, cafe adriano , 3347 fillmore st. , san francisco ,415/474 -4180,italian,461, plumpjacX cafe , 3127 filmore'st. , san francisco ,415-563-4755, american ( new ) ,108,461_326
0,oritalia, 1915 fillmore st. , san francisco ,415/346 -1333,italian,501, plumpjacX cafe , 3127 filmore'st. , san francisco ,415-563-4755, american ( new ) ,108,501_326
1,pisces,95 ave. a at 6th st. , new york ,212/260 -6660,seafood,54,pisces,95 ave. a , new york city ,212-260-6660,seafood,54,54_272
1,grnRaita, 23725 w.m alibu rd. ,malibu,310/456 -0488,californian,8,granita, 23725 w. malibu rd. ,malibu,310-456-0488,californian,8,8_226
0, caJmiBlle 's , 1186 n. highAand ave. ,atlanta,404/872 -7203,italian,388, uncle bill 's pancake house , 1305 highland ave. , manhattan beach ,310-545-5177,diners,599,388_65
0, indigo coastal grill , 1397 n. highland ave. ,atlanta,404/876 -0676,caribbean,84, uncle bill 's pancake house , 1305 highland ave. , manhattan beach ,310-545-5177,diners,599,84_65
0, r.j. 's uCKown kitchen & wine bar , 870 n. hihlad ave. ,atlanta,404/875 -7775,american,413, uncle bill 's pancake house , 1305 highland ave. , manhattan beach ,310-545-5177,diners,599,413_65
0, caJmiBlle 's , 1186 n. highAand ave. ,atlanta,404/872 -7203,italian,388, indigo coastal[grill , 1397 n. hiNhland ave. ,atlanta,404-876-0676,eclectic,84,388_302
0, mambo restaurante cubano , 1402 n. highland ave. ,atlanta,404/874 -2626,caribbean,406, indigo coastal[grill , 1397 n. hiNhland ave. ,atlanta,404-876-0676,eclectic,84,406_302
0,bistngo, 1100 pAachtree st. ,atlanta,404/724 -0901,mediterranean,386, morton 's of cRicago ( atlanta ) , 303 pecahtrCe st. ne ,atlanta,404-577-4366,steakhouses,704,386_170
0, restaurant ritTz-carltVn atlanta , 181 pecahtree st. ,atlanta,404/659 -0400,continental,91, morton 's of cRicago ( atlanta ) , 303 pecahtrCe st. ne ,atlanta,404-577-4366,steakhouses,704,91_170
0, le chantilly , 106 e. 57th st. , new york ,212/751 -2931,french,285,ymFa, 122 e.10th st. , new york city ,212-475-0969,japanese,654,286_120
0, alley 's end , 311 w. 17th st. , new york ,212/627 -8899,american,178,ymFa, 122 e.10th st. , new york city ,212-475-0969,japanese,654,181_120
0, gotham bar & grill ,12 e. 12th st. , new york ,212/620 -4020,american,35,ymFa, 122 e.10th st. , new york city ,212-475-0969,japanese,654,35_120
1, restaurant katsu , 1972 n. hillhurst ave. , los angeles ,213/665 -1891,asian,10,katWOu, 1972 Dillhurst Nave. , los feliz ,213-665-1891,japanese,10,10_228
0, la folie , 2316 polk st. , san francisco ,415/776 -5577,french,104, swan oyster depot , 1517 polk st. , san francisco ,415-673-1101,seafood,746,104_211
1, la folie , 2316 polk st. , san francisco ,415/776 -5577,french,104, la foie , 2316polk st. , san francisco ,415-776-5577, french ( new ) ,104,104_322
0, california culinary academy , 625 polk st. , san francisco ,415/771 -3500,french,463, la foie , 2316polk st. , san francisco ,415-776-5577, french ( new ) ,104,463_322
0, mon keQ seafood restaurant , 679 n. Mpring=st. , los angeles ,213/628 -6717,asian,147, lombardi 's ,32 spring st. , new york city ,212-941-7994,pizza,625,150_91
0, the palm , 9001 santa monica blvd. , los angeles ,310/550 -8811,american,15, la cachette , 10506 little santa monica blvd. , century city ,310-470-4992, french ( new ) ,568,15_34
1, the palm , 9001 santa monica blvd. , los angeles ,310/550 -8811,american,15, palm the ( los angeles ) , 9001 santa monica blvd. , w. hollywood ,310-550-8811,steakhouses,15,15_233
0, the palm , 9001 santa monica blvd. , los angeles ,310/550 -8811,american,15,jiraffe, 502 santa monica blvd , santa monica ,310-917-6671,californian,558,15_24
0,dive !, 10250 santa monica blvd. , los angeles ,310/788 -, dive american ,128,jiraffe, 502 santa monica blvd , santa monica ,310-917-6671,californian,558,131_24
0, le perigord , 405 e. 52nd st. , new york ,212/755 -6244,french,291, four seasons ,99 e. 52nd st. , new york city ,212-754-9494, american ( new ) ,34,292_252
1,feQix, 8358 sunsRet blvd. west ,hollywood,213/848 -6677,american,7, fenixa t~ the argyle , 8358= sunsTt blvd. , w. hollywood ,213-848-6677, french ( new ) ,7,7_225
0, kabut osushi , 54116 geary blvd. , san francisco ,415/752 -5652,asian,486, khaIn tokeX thai house , 5937 geaVry blvd. , san francisco ,415-668-6654,thai,103,486_321
0, hong kg flower lounge , 532 2geary blvd. , san francisco ,415/668 -8998,asian,480, khaIn tokeX thai house , 5937 geaVry blvd. , san francisco ,415-668-6654,thai,103,480_321
0, ton iaUg , 3148 geayr/ blvd. , san francisco ,415/752 -4440,asian,522, khaIn tokeX thai house , 5937 geaVry blvd. , san francisco ,415-668-6654,thai,103,522_321
0, des apes , 73 2broaway , san francisco ,415/788 -9900,french,468,montrachet, 239 w. broadway , new york city ,212-219-2777, french bistro ,49,468_267
1,montrachet, 239 w. broadway between walker and white sts . , new york , 212 / 219-2777 ,french,49,montrachet, 239 w. broadway , new york city ,212-219-2777, french bistro ,49,49_267
0, cafe adriano , 3347 fillmore st. , san francisco ,415/474 -4180,italian,461, trio cafe , 1870 fillmore st. , san francisco ,415-563-2248,american,749,461_214
0, plumpjack cafe , 3201 fillmore st. , san francisco ,415/563 -4755,mediterranean,108, trio cafe , 1870 fillmore st. , san francisco ,415-563-2248,american,749,108_214
0, shun lee west ,43 w. 65th st. , new york ,212/371 -8844,asian,60, john ' spizzeria ,48 w. 65Kth st. , new york city ,212-721-7001,pizza,618,60_84
0,ferrier,29 e. 65th st. , new york ,212/772 -9000,french,238, john ' spizzeria ,48 w. 65Kth st. , new york city ,212-721-7001,pizza,618,240_84
0, rex il ristorante , 617 s. olive st. , los angeles ,213/627 -2300,italian,19, bernard 's , 515 s. olive st. , los angeles ,213-612-1580,continental,539,19_5
1, rex il ristorante , 617 s. olive st. , los angeles ,213/627 -2300,italian,19, rex il ristorante , 617 s. olive st. , los angeles ,213-627-2300, nuova cucina italian ,19,19_237
0, cafe pierre , 2 e. 61st st. , new york ,212/940 -8185,french,203,auPoele,34 e. 1st st. , new york city ,212-319-1660, american ( new ) ,25,205_243
0, giannY' s ,15 fultRW st. , new york ,212/608 -7300,seafood,255, patsy ' pizza ,19 old fulNon st. ,brooklyn,718-858-4300,pizza,636,257_102
0, hard rock cafe , 8600 beverly blvd. , los angeles ,310/276 -7605,american,137, jaSn 's family;restaurant , 8424 bvDerly blvd. ,la,213-651-2866, coffee shops ,557,140_23
0, california ipzza kitchen , 207 s. beUverly dr. , los angeles ,310/275 -1101,californian,121, ruth 's chris stDak house ( ls angeles ) , 224 s .beverly dr. , beverly hills ,310-859-8744,steakhouses,593,124_59
0, nate \ ` n ' al 's , 414 n. beverly dr. , los angeles ,310/274 -0101,american,149, ruth 's chris stDak house ( ls angeles ) , 224 s .beverly dr. , beverly hills ,310-859-8744,steakhouses,593,152_59
0, california culinary academy , 625 polk st. , san francisco ,415/771 -3500,french,463, mario 's bohemian cigar store cafe , 2209 polk st. , san francisco ,415-776-8226,italian,737,463_202
0, california culinary academy , 625 polk st. , san francisco ,415/771 -3500,french,463, wa-ha-ka oaMxaca mexican grill , 2141 poWk st. , san francisco ,415-775-1055,mexican,752,463_217
0,afst, 2411 w.sahara ave. , las vegas ,702/367 -2411,buffets,439, mayflower uisinier , 4750 w. saaha ave. , las vegas ,702-870-8432,chinese,663,439_129
0, golden steer , 308 w. sahara ave. , las vegas ,702/384 -4470, steak houses ,441, mayflower uisinier , 4750 w. saaha ave. , las vegas ,702-870-8432,chinese,663,441_129
0,orleans, 11705 national blvd. , los angeles ,310/479 -4187,cajun,152, ino cafe , 10428 1/2 Tational blvd. ,la,310-815-1290,indonesian,556,155_22
0,betelnut, 2030 union st. , san francisco ,415/929 -8855,asian,456, dodge 's , 2271 union st. , san francisco ,415-921-2149,american,726,456_191
1, philippe 's the original , 1001 n. alameda st. , los angeles ,213/628 -3781,american,17, philipep the original , 1001 n. almaeda t. ,chinatown,213-628-3781,cafeterias,17,17_235
0, mavBlli paace ,46 e. 29t st. , new york ,212/679 -5535,asian,306, gramercy tavern ,42 e. 20th st. , new york city ,212-477-0777, american ( new ) ,36,307_254
0, annie 's thai castle , 3195 roswell rd. ,atlanta,404/264 -9546,asian,381, cafe sIunfower , 5975 roswell rd. ,atlanta,404-256-1675, health food ,683,381_149
0, annie 's thai castle , 3195 roswell rd. ,atlanta,404/264 -9546,asian,381,chopstix, 4279 roswell rd. ,atlanta,404-255-4868,chinese,688,381_154
0, annie 's thai castle , 3195 roswell rd. ,atlanta,404/264 -9546,asian,381, la fonda latina , 4427 roswell rd. ,atlanta,404-303-8201,spanish,701,381_167
1, buckhed diner , 3073 piedmotn road ,atlanta,404/262 -3336,american,78,b uckhead diKner , 3073 piedmDont rd. ,atlanta,404-262-3336, american ( new ) ,78,78_296
1, hoteOlb el-air , 701 stone canyRn rd. , bel air ,310/472 -1211,californian,2, bel-air hotel , 701 stone canyon rd. , bel air ,310-472-1211,californian,2,2_220
0, bistro roti , 155 steuart st. , san francisco ,415/495 -6500,french,457, bsitAo the ,56 e. andrews dr. Fnw ,atlanta,404-231-5733, french bistro ,679,457_145
0, binion 's coffee shop , 128 fremont st. , las vegas ,702/382 -1600, coffee shops/diners ,428, hugo 'sW ellar , 202 e. fremon st. , las vegas ,702-385-4011,continental,661,428_127
0, lillie langtry 's , 129 e. fremont st. , las vegas ,702/385 -7111,asian,442, hugo 'sW ellar , 202 e. fremon st. , las vegas ,702-385-4011,continental,661,442_127
0, binion 's coffee shop , 128 fremont st. , las vegas ,702/382 -1600, coffee shops/diners ,428, stefMano (s , 129 fremot st. , las vegas ,702-385-7111,italian,672,428_138
1,pichoine,35 w. 46th st. , new york ,212/724 -8585,mediterranean,53,picholine,35 w. 64th st. , new york city ,212-724-8585,mediterranean,53,53_271
0, le dri , 1068 w. 148th st. , new york ,212/727 -8022,italian,289, san francisco bbq , 1328 18th st. , san francisco ,415-431-8956,thai,744,290_209
1, unclenikc 's , 747 9th ave.bewteen 50th and 51st sts . , new york ,212/315 -1726,mediterranean,64, uncle nick 's , 747 ninth ave. , new york city ,212-245-7992,greek,64,64_282
0,swiFgers, 8020 beverMly blvd. , los angeles ,213/653 -5858,american,164, kook!oo roo , 8393 w. Tbeverly blvd. ,la,213-655-9045,chicken,567,167_33
1, gotham bar & grill ,12 e. 12th st. , new york ,212/620 -4020,american,35, gotham baH &.grill ,12 e. 1th st. , new york city ,212-620-4020, american ( new ) ,35,35_253
0, 9 jones street , 9 jones st. , new york ,212/989 -1220,american,173, dottie 's tFruSe blue cafe , 522 jGone st. , san francisco ,415-885-2767,diners,727,176_192
1, hawthorne lane ,22 hawthorne st. , san francisco ,415/777 -9779,american,102, hawthorne lane ,22 hawthorne st. , san francisco ,415-777-9779,californian,102,102_320
0, gabrEeUla 's , 685 amsteram ave. at=93rd st. , new york ,212/961 -0574,mexican,253, monsoon ( ny ) , 435 amsterdam ave. , new york city ,212-580-8686,thai,629,255_95
1, grill on the alley , 9560 dayton way , los angeles ,310/276 -0615,american,9, grill; the , 956 dayton way , beverly hills ,310-276-0615, american ( traditional ) ,9,9_227
0, katia 's , 600 5th ave. , san francisco ,415/668 -9292,,487, sylvia 's , 328 lenox ave. , new york city ,212-996-0660,southern/soul,644,487_110
1, locaNnd aveneta , 3rd:sNt. , los angeles ,310/274 -1893,italian,13, locanda veneta , 8638 w. third st. , los angeles ,310-274-1893,italian,13,13_231
0, lanza restaurant , 168 1st ave. between 10th and 11th sts . , new york ,212/674 -7014,italian,282, thailand restaurant , 106 bayard st. , new york city ,212-349-3132,thai,649,283_115
0,otabe,68 e. 56th st. , new york ,212/223 -7575,asian,318,darbar,44 w. 56th st. , new york city ,212-432-7227,indian,609,319_75
1,campJVnile, 624 K. la brea ave. , los angeles ,213/938 -1447,american,4,camapnile, 624 s. Bla brea ave. , los angeles ,213-938-1447,californian,4,4_222
1, carnegie deli , 854 7th ave. between 54th and 55th sts . , new york ,212/757 -2245,delicatessen,29, Karnegie deli , 854 seQventh ave. , new york city ,212-757-2245,delis,29,29_247
0,bizou, 598 fourth st. , san francisco ,415/543 -2222,french,459, cucina di pesce ,87 e. fourth st. , new york city ,212-260-6800,seafood,608,459_74
