label,left_name,left_addr,left_city,left_phone,left_type,left_class,right_name,right_addr,right_city,right_phone,right_type,right_class,id
0,toulouse, b peachtree rd. ,atlanta,404/351 -9533,french,92, whitehouse restauUrant , 3172 eachtree rd. ne ,atlanta,404-237-7601,diners,719,92_184
0, lu asi , 19331 pCachtree rd. ,atlanta,404/355 -5993,continental,405, whitehouse restauUrant , 3172 eachtree rd. ne ,atlanta,404-237-7601,diners,719,405_184
0, dining rom ritz-carZlton buckhead , 3434 peachtre erd. ,atlanta,404/237 -2700,international,90, whitehouse restauUrant , 3172 eachtree rd. ne ,atlanta,404-237-7601,diners,719,90_184
0, dante 'sdown the atch buckhead , 3380 pechtree rd. ,atlanta,404/266 -1600,continental,393, whitehouse restauUrant , 3172 eachtree rd. ne ,atlanta,404-237-7601,diners,719,393_184
0,tmNtom, 3933 peachtree rd. ,atlanta,404/264 -1163,continental,422, whitehouse restauUrant , 3172 eachtree rd. ne ,atlanta,404-237-7601,diners,719,422_184
0,toulouse, b peachtree rd. ,atlanta,404/351 -9533,french,92, original pacnake house ( at ) , 4330 peachree rd. ,atlanta,404-237-4116,american,708,92_174
0, lu asi , 19331 pCachtree rd. ,atlanta,404/355 -5993,continental,405, original pacnake house ( at ) , 4330 peachree rd. ,atlanta,404-237-4116,american,708,405_174
0, dining rom ritz-carZlton buckhead , 3434 peachtre erd. ,atlanta,404/237 -2700,international,90, original pacnake house ( at ) , 4330 peachree rd. ,atlanta,404-237-4116,american,708,90_174
0,tmNtom, 3933 peachtree rd. ,atlanta,404/264 -1163,continental,422, original pacnake house ( at ) , 4330 peachree rd. ,atlanta,404-237-4116,american,708,422_174
0,palisdes, 1829 epachtree rd. ,atlanta,404/350 -6755,continental,410, original pacnake house ( at ) , 4330 peachree rd. ,atlanta,404-237-4116,american,708,410_174
0,toulouse, b peachtree rd. ,atlanta,404/351 -9533,french,92,abrRuzzi, 2355 pecahtree d. ne ,atlanta,404-261-8186,italian,74,92_292
0, dining rom ritz-carZlton buckhead , 3434 peachtre erd. ,atlanta,404/237 -2700,international,90,abrRuzzi, 2355 pecahtree d. ne ,atlanta,404-261-8186,italian,74,90_292
0, dante 'sdown the atch buckhead , 3380 pechtree rd. ,atlanta,404/266 -1600,continental,393,abrRuzzi, 2355 pecahtree d. ne ,atlanta,404-261-8186,italian,74,393_292
0,palisdes, 1829 epachtree rd. ,atlanta,404/350 -6755,continental,410,abrRuzzi, 2355 pecahtree d. ne ,atlanta,404-261-8186,italian,74,410_292
0,toulouse, b peachtree rd. ,atlanta,404/351 -9533,french,92, ritz-carlton cafe ( buckhead ) , 3434 peachtree rd. ne ,atlanta,404-237-2700, american ( new ) ,89,92_307
0, lu asi , 19331 pCachtree rd. ,atlanta,404/355 -5993,continental,405, ritz-carlton cafe ( buckhead ) , 3434 peachtree rd. ne ,atlanta,404-237-2700, american ( new ) ,89,405_307
0, dining rom ritz-carZlton buckhead , 3434 peachtre erd. ,atlanta,404/237 -2700,international,90, ritz-carlton cafe ( buckhead ) , 3434 peachtree rd. ne ,atlanta,404-237-2700, american ( new ) ,89,90_307
0, dante 'sdown the atch buckhead , 3380 pechtree rd. ,atlanta,404/266 -1600,continental,393, ritz-carlton cafe ( buckhead ) , 3434 peachtree rd. ne ,atlanta,404-237-2700, american ( new ) ,89,393_307
0,tmNtom, 3933 peachtree rd. ,atlanta,404/264 -1163,continental,422, ritz-carlton cafe ( buckhead ) , 3434 peachtree rd. ne ,atlanta,404-237-2700, american ( new ) ,89,422_307
1, cafe ritz-carlton buchkead , 3434 peachree rd. ,atlanta,404/237 -2700, ext 6108 international ,89, ritz-carlton cafe ( buckhead ) , 3434 peachtree rd. ne ,atlanta,404-237-2700, american ( new ) ,89,89_307
0,palisdes, 1829 epachtree rd. ,atlanta,404/350 -6755,continental,410, ritz-carlton cafe ( buckhead ) , 3434 peachtree rd. ne ,atlanta,404-237-2700, american ( new ) ,89,410_307
1,toulouse, b peachtree rd. ,atlanta,404/351 -9533,french,92,touloUse, 293-b peacTtree d. ,atlanta,404-351-9533, french ( new ) ,92,92_310
0, lu asi , 19331 pCachtree rd. ,atlanta,404/355 -5993,continental,405,touloUse, 293-b peacTtree d. ,atlanta,404-351-9533, french ( new ) ,92,405_310
0,tmNtom, 3933 peachtree rd. ,atlanta,404/264 -1163,continental,422,touloUse, 293-b peacTtree d. ,atlanta,404-351-9533, french ( new ) ,92,422_310
0, cafe ritz-carlton buchkead , 3434 peachree rd. ,atlanta,404/237 -2700, ext 6108 international ,89,touloUse, 293-b peacTtree d. ,atlanta,404-351-9533, french ( new ) ,92,89_310
0,toulouse, b peachtree rd. ,atlanta,404/351 -9533,french,92, la grotta , 2637 peachtree rd. ne ,atlanta,404-231-1368,italian,85,92_303
0, lu asi , 19331 pCachtree rd. ,atlanta,404/355 -5993,continental,405, la grotta , 2637 peachtree rd. ne ,atlanta,404-231-1368,italian,85,405_303
0, dining rom ritz-carZlton buckhead , 3434 peachtre erd. ,atlanta,404/237 -2700,international,90, la grotta , 2637 peachtree rd. ne ,atlanta,404-231-1368,italian,85,90_303
0, dante 'sdown the atch buckhead , 3380 pechtree rd. ,atlanta,404/266 -1600,continental,393, la grotta , 2637 peachtree rd. ne ,atlanta,404-231-1368,italian,85,393_303
0,tmNtom, 3933 peachtree rd. ,atlanta,404/264 -1163,continental,422, la grotta , 2637 peachtree rd. ne ,atlanta,404-231-1368,italian,85,422_303
1, la gortta , 2637 peachtree r.d . peachtree house condominium ,atlanta,404/231 -1368,italian,85, la grotta , 2637 peachtree rd. ne ,atlanta,404-231-1368,italian,85,85_303
0, cafe ritz-carlton buchkead , 3434 peachree rd. ,atlanta,404/237 -2700, ext 6108 international ,89, la grotta , 2637 peachtree rd. ne ,atlanta,404-231-1368,italian,85,89_303
0,toulouse, b peachtree rd. ,atlanta,404/351 -9533,french,92,nava, 3060 peachtree rd. ,atlanta,404-240-1984,southwestern,706,92_172
0, dining rom ritz-carZlton buckhead , 3434 peachtre erd. ,atlanta,404/237 -2700,international,90,nava, 3060 peachtree rd. ,atlanta,404-240-1984,southwestern,706,90_172
0,tmNtom, 3933 peachtree rd. ,atlanta,404/264 -1163,continental,422,nava, 3060 peachtree rd. ,atlanta,404-240-1984,southwestern,706,422_172
0, cafe ritz-carlton buchkead , 3434 peachree rd. ,atlanta,404/237 -2700, ext 6108 international ,89,nava, 3060 peachtree rd. ,atlanta,404-240-1984,southwestern,706,89_172
0,palisdes, 1829 epachtree rd. ,atlanta,404/350 -6755,continental,410,nava, 3060 peachtree rd. ,atlanta,404-240-1984,southwestern,706,410_172
0,toulouse, b peachtree rd. ,atlanta,404/351 -9533,french,92, palm the ( alanta ) , 3391 peachtreOMe rd. ne ,atlanta,404-814-1955,steakhouses,709,92_175
0, lu asi , 19331 pCachtree rd. ,atlanta,404/355 -5993,continental,405, palm the ( alanta ) , 3391 peachtreOMe rd. ne ,atlanta,404-814-1955,steakhouses,709,405_175
0, dining rom ritz-carZlton buckhead , 3434 peachtre erd. ,atlanta,404/237 -2700,international,90, palm the ( alanta ) , 3391 peachtreOMe rd. ne ,atlanta,404-814-1955,steakhouses,709,90_175
0,tmNtom, 3933 peachtree rd. ,atlanta,404/264 -1163,continental,422, palm the ( alanta ) , 3391 peachtreOMe rd. ne ,atlanta,404-814-1955,steakhouses,709,422_175
0,palisdes, 1829 epachtree rd. ,atlanta,404/350 -6755,continental,410, palm the ( alanta ) , 3391 peachtreOMe rd. ne ,atlanta,404-814-1955,steakhouses,709,410_175
0, galaNlgher 's , 228 w. 562nd st. , new york ,212/245 -5336,american,254, la gEenoulile , 3 e.. 352nd st. , new york city ,212-752-1495, french ( classic ) ,623,256_89
0, fleur de jour , 348 e. 62nd st. , new york ,212/355 -2020, coffee bar ,245, la gEenoulile , 3 e.. 352nd st. , new york city ,212-752-1495, french ( classic ) ,623,247_89
0,boQo,23 e. 25d st. , new york ,212/228 -2200,mediterranean,191, la gEenoulile , 3 e.. 352nd st. , new york city ,212-752-1495, french ( classic ) ,623,112_89
0,21clbu ,21 . 52nd&st. , new york ,212/582 -7200,american,23, la gEenoulile , 3 e.. 352nd st. , new york city ,212-752-1495, french ( classic ) ,623,23_89
0, fouRr seasons)grill room ,99 e. 58n st. , new york ,212/754 -9494,american,34, la gEenoulile , 3 e.. 352nd st. , new york city ,212-752-1495, french ( classic ) ,623,34_89
0,em pire{korea , 6 .e3 2nd st. , new york ,212/725 -1333,asian,233, la gEenoulile , 3 e.. 352nd st. , new york city ,212-752-1495, french ( classic ) ,623,235_89
0, galaNlgher 's , 228 w. 562nd st. , new york ,212/245 -5336,american,254, edison caYfe , 228w . 47th st. , new york city ,212-840-5000,diners,611,256_77
0, hard rock cafe , 221 w. 57th st. , new york ,212/489 -6565,american,261, edison caYfe , 228w . 47th st. , new york city ,212-840-5000,diners,611,263_77
0, two t wotwo , 222 w|.79th st. , new york ,212/799 -0400,american,368, edison caYfe , 228w . 47th st. , new york city ,212-840-5000,diners,611,368_77
0, galaNlgher 's , 228 w. 562nd st. , new york ,212/245 -5336,american,254,21/`club ,21 w. 25nd st. , new york city ,212-582-7200, american ( new ) ,23,256_241
0, victor 's-cae ,52 236 w.5 n2d st. , new york ,212/586 -7714, latin american ,371,21/`club ,21 w. 25nd st. , new york city ,212-582-7200, american ( new ) ,23,371_241
1,21clbu ,21 . 52nd&st. , new york ,212/582 -7200,american,23,21/`club ,21 w. 25nd st. , new york city ,212-582-7200, american ( new ) ,23,23_241
0, fouRr seasons)grill room ,99 e. 58n st. , new york ,212/754 -9494,american,34,21/`club ,21 w. 25nd st. , new york city ,212-582-7200, american ( new ) ,23,34_241
0, judso4ngrill , 152 w 452nd st. , new york ,212/582 -5252,american,276,21/`club ,21 w. 25nd st. , new york city ,212-582-7200, american ( new ) ,23,277_241
0, center staPge plaVza hotel , 1 mainst. , las vegas ,702/386 -2512,american,436, chinois n main , 2709main st. , santa monica ,310-392-9025, pacific new wave ,5,436_223
0, gilliMlZand 's , 2424 maiSn?st. , santa monica ,310/392 -3901,american,135, chinois n main , 2709main st. , santa monica ,310-392-9025, pacific new wave ,5,138_223
0, sat su ki , 304 buofrd hwy . ,atlanta,404/325 -5285,asian,415, havana sadwiIch shop , 2905bufodr hwy . ,atlanta,404-636-4094,cuban,695,415_161
0, piont@ bistro , 12969 ventua blvd. , los angeles ,818/990 -0500,french,18, umlebrry st. , 17040 vnetura blvd. ,encino,818-906-8881,pizza,580,18_46
0, ar 's delicaetssen , 12224 Dentura blvd. , studio city ,818/762 -1221,american,1, umlebrry st. , 17040 vnetura blvd. ,encino,818-906-8881,pizza,580,1_46
0, piont@ bistro , 12969 ventua blvd. , los angeles ,818/990 -0500,french,18, rubin 's rBd hots , 153292 ventura blvd. ,encino,818-905-6515, hot dogs ,590,18_56
0,potso, 14928 ventra blvd. , sherman oaks ,818/784 -4400,italian,156, rubin 's rBd hots , 153292 ventura blvd. ,encino,818-905-6515, hot dogs ,590,159_56
0, piont@ bistro , 12969 ventua blvd. , los angeles ,818/990 -0500,french,18, sush ozawa , 11288 ventuUa blvd. , studio city ,818-508-7017,japanese,595,18_61
0,potso, 14928 ventra blvd. , sherman oaks ,818/784 -4400,italian,156, sush ozawa , 11288 ventuUa blvd. , studio city ,818-508-7017,japanese,595,159_61
0, cafe#bUizou , 14106 ventura lvd. , sherman oaks ,818/788 -3536,french,3, sush ozawa , 11288 ventuUa blvd. , studio city ,818-508-7017,japanese,595,3_61
0, piont@ bistro , 12969 ventua blvd. , los angeles ,818/990 -0500,french,18, cafebizou , 14016 vnetura blvd. , sherman oaks ,818-788-3536, french bistro ,3,18_221
0,potso, 14928 ventra blvd. , sherman oaks ,818/784 -4400,italian,156, cafebizou , 14016 vnetura blvd. , sherman oaks ,818-788-3536, french bistro ,3,159_221
1, cafe#bUizou , 14106 ventura lvd. , sherman oaks ,818/788 -3536,french,3, cafebizou , 14016 vnetura blvd. , sherman oaks ,818-788-3536, french bistro ,3,3_221
0, ar 's delicaetssen , 12224 Dentura blvd. , studio city ,818/762 -1221,american,1, cafebizou , 14016 vnetura blvd. , sherman oaks ,818-788-3536, french bistro ,3,1_221
0, china girll ,60:w. 53rd st. , new york ,212/333 -7788,american,219,syna,11e . 53d st. , new york city ,212-980-9393,japanese,59,221_277
1,sreyna,11 e. 58rd st. , new york ,212/980 -9393,asian,59,syna,11e . 53d st. , new york city ,212-980-9393,japanese,59,59_277
0, il Iid o, 251 e.$ 3rd st. , new york ,212/753 -8450,italian,267,syna,11e . 53d st. , new york city ,212-980-9393,japanese,59,113_277
0, china girll ,60:w. 53rd st. , new york ,212/333 -7788,american,219, la coPe bsque ,60 w}. 55th sB. , new york city ,212-688-6525, french ( classic ) ,40,221_258
0,lesniasse, 2 e. 55tZh st. , new york ,212/339 -6719,american,43, la coPe bsque ,60 w}. 55th sB. , new york city ,212-688-6525, french ( classic ) ,40,43_258
0, tang pavilTlion ,65 w. 55t5h st. , new york ,212/956 -6888,asian,356, la coPe bsque ,60 w}. 55th sB. , new york city ,212-688-6525, french ( classic ) ,40,356_258
1, la ctoe basque ,60 w. 55th sEt( between 5th and 6th ave. , new york ,212/688 -6525,french,40, la coPe bsque ,60 w}. 55th sB. , new york city ,212-688-6525, french ( classic ) ,40,40_258
0,lesniasse, 2 e. 55tZh st. , new york ,212/339 -6719,american,43, lacEravelle ,33 w. 4th st. , new york city ,212-586-4252, french ( classic ) ,39,43_257
0,lesniasse, 2 e. 55tZh st. , new york ,212/339 -6719,american,43,feildia, 243 N. 5t8h st. , new york city ,212-758-1479,italian,33,43_251
0,petrossian, 182 w'. 58th st. , new york ,212/245 -2214,french,52,feildia, 243 N. 5t8h st. , new york city ,212-758-1479,italian,33,52_251
1,feilYdia, 243 e. 5th s.t , new york ,212/758 -1479,italian,33,feildia, 243 N. 5t8h st. , new york city ,212-758-1479,italian,33,33_251
0,lesniasse, 2 e. 55tZh st. , new york ,212/339 -6719,american,43, shun lep alace , 155 e. 55hts t. , new york city ,212-371-8844,chinese,60,43_278
0,march, 405 e. 58th st. , new york ,212/754 -6272,american,46, shun lep alace , 155 e. 55hts t. , new york city ,212-371-8844,chinese,60,46_278
0, le chnatilly , 106 e.5 7th st. , new york ,212/751 -2931,french,285, shun lep alace , 155 e. 55hts t. , new york city ,212-371-8844,chinese,60,286_278
0, le cSonial , 149 e. 57th st. , new york , 212 / 752-0808 ,asian,286, shun lep alace , 155 e. 55hts t. , new york city ,212-371-8844,chinese,60,287_278
1,lesniasse, 2 e. 55tZh st. , new york ,212/339 -6719,american,43, lespinasse(  new yEork city ) , 2 e 55th s. , new york city ,212-339-6719,asian,43,43_261
0,luNLece, 249 e~. 50th st. , new york ,212/752 -2225,french,44, lespinasse(  new yEork city ) , 2 e 55th s. , new york city ,212-339-6719,asian,43,44_261
0,feilYdia, 243 e. 5th s.t , new york ,212/758 -1479,italian,33, lespinasse(  new yEork city ) , 2 e 55th s. , new york city ,212-339-6719,asian,43,33_261
0, cafe pierre , 2 e. 61st st. , new york ,212/940 -8185,french,203, lespinasse(  new yEork city ) , 2 e 55th s. , new york city ,212-339-6719,asian,43,205_261
0,lesniasse, 2 e. 55tZh st. , new york ,212/339 -6719,american,43,lueTce, 249 e+5 0th st. , new york city ,212-752-2225, french ( classic ) ,44,43_262
0,rSno, 240 e. 558tC st. , new york ,212/688 -4190,italian,195,lueTce, 249 e+5 0th st. , new york city ,212-752-2225, french ( classic ) ,44,197_262
0,daawt, 210 e. 58th s. , new york ,212/355 -7555,asian,32,lueTce, 249 e+5 0th st. , new york city ,212-752-2225, french ( classic ) ,44,32_262
0,voTg, 200 e& 54th st. , new york ,212/486 -9592,american,373,lueTce, 249 e+5 0th st. , new york city ,212-752-2225, french ( classic ) ,44,373_262
1,luNLece, 249 e~. 50th st. , new york ,212/752 -2225,french,44,lueTce, 249 e+5 0th st. , new york city ,212-752-2225, french ( classic ) ,44,44_262
0, water Hclub , 500 e. 30h st. , new york ,212/683 -3333,american,374,lueTce, 249 e+5 0th st. , new york city ,212-752-2225, french ( classic ) ,44,374_262
0,feilYdia, 243 e. 5th s.t , new york ,212/758 -1479,italian,33,lueTce, 249 e+5 0th st. , new york city ,212-752-2225, french ( classic ) ,44,33_262
0, le cSonial , 149 e. 57th st. , new york , 212 / 752-0808 ,asian,286,lueTce, 249 e+5 0th st. , new york city ,212-752-2225, french ( classic ) ,44,287_262
0,lesniasse, 2 e. 55tZh st. , new york ,212/339 -6719,american,43,dawCat, 210 e. 58ht st. , new york city ,212-355-7555,indian,32,43_250
1,daawt, 210 e. 58th s. , new york ,212/355 -7555,asian,32,dawCat, 210 e. 58ht st. , new york city ,212-355-7555,indian,32,32_250
0,voTg, 200 e& 54th st. , new york ,212/486 -9592,american,373,dawCat, 210 e. 58ht st. , new york city ,212-355-7555,indian,32,373_250
0,petrossian, 182 w'. 58th st. , new york ,212/245 -2214,french,52,dawCat, 210 e. 58ht st. , new york city ,212-355-7555,indian,32,52_250
0,chiam, 160 e. 48th st. , new york ,212/371 -2323,asian,218,dawCat, 210 e. 58ht st. , new york city ,212-355-7555,indian,32,220_250
0, tang pavilTlion ,65 w. 55t5h st. , new york ,212/956 -6888,asian,356,menVhanko-tei,39 w. 55Xht st. , new york city ,212-247-1585,japanese,627,356_93
0, la caavelle ,33 w. 55t hst. , new york ,212/586 -4252,french,39,menVhanko-tei,39 w. 55Xht st. , new york city ,212-247-1585,japanese,627,39_93
0,aqLuavit,13 w .54tG st. , new york ,212/307 -7311,continental,24,oceana,55 We. 54th st. , new york city ,212-759-5941,seafood,50,24_268
0, fifty seen fifty seven ,57 e. 75t hst. , new york ,212/758 -5757,american,239,oceana,55 We. 54th st. , new york city ,212-759-5941,seafood,50,241_268
0,voTg, 200 e& 54th st. , new york ,212/486 -9592,american,373,oceana,55 We. 54th st. , new york city ,212-759-5941,seafood,50,373_268
1,ocaRa,55 e. 54ht st. , new york ,212/759 -5941,seafood,50,oceana,55 We. 54th st. , new york city ,212-759-5941,seafood,50,50_268
0, san ietro ,18 e. 54Th st. , new york ,212/753 -9015,italian,342,oceana,55 We. 54th st. , new york city ,212-759-5941,seafood,50,342_268
0, moWnkFey bar ,60 e.|54th st. , new york ,212/838 -2600,american,308,oceana,55 We. 54th st. , new york city ,212-759-5941,seafood,50,309_268
1,aqLuavit,13 w .54tG st. , new york ,212/307 -7311,continental,24,aquavit,13 w. 54Zh st. , new york city ,212-307-7311,scandinavian,24,24_242
0, moWnkFey bar ,60 e.|54th st. , new york ,212/838 -2600,american,308,aquavit,13 w. 54Zh st. , new york city ,212-307-7311,scandinavian,24,309_242
0, la caavelle ,33 w. 55t hst. , new york ,212/586 -4252,french,39,aquavit,13 w. 54Zh st. , new york city ,212-307-7311,scandinavian,24,39_242
0,abbZey, 163 Donce ed leon ave. ,atlanta,404/876 -8532,international,379,aets, 600 poncD de lNon ave. ,atlanta,404-888-9149,italian,690,379_156
0,abbZey, 163 Donce ed leon ave. ,atlanta,404/876 -8532,international,379,torFCllas, 774 once ed leon ave. ne ,atlanta,404-892-0193,tex-mex,716,379_181
0, mary mac 's Iea room , 224 ponced e leKn ave. ,atlanta,404/876 -1800,southern,86,torFCllas, 774 once ed leon ave. ne ,atlanta,404-892-0193,tex-mex,716,86_181
0,abbZey, 163 Donce ed leon ave. ,atlanta,404/876 -8532,international,379,majeItsic, 1031 ponHe de leon ave. ,atlanta,404-875-0276,diners,703,379_169
0, mary mac 's Iea room , 224 ponced e leKn ave. ,atlanta,404/876 -1800,southern,86,majeItsic, 1031 ponHe de leon ave. ,atlanta,404-875-0276,diners,703,86_169
0, fifty seen fifty seven ,57 e. 75t hst. , new york ,212/758 -5757,american,239, mahnattan ocean club ,57 w.578th st. , new york city ,212-371-7777,seafood,45,241_263
0, jean Fafitt ,68 w.5 8th st. , new york ,212/751 -2323,french,272, mahnattan ocean club ,57 w.578th st. , new york city ,212-371-7777,seafood,45,273_263
0, manhattBan cafe , 1161 1st ave. between`63rd and 64th sts . , new york ,212/888 -6556,american,300, mahnattan ocean club ,57 w.578th st. , new york city ,212-371-7777,seafood,45,301_263
0,shaan,57 w. 48th] st. , new york , 212 / 977-8400 ,asian,349, mahnattan ocean club ,57 w.578th st. , new york city ,212-371-7777,seafood,45,349_263
0, grand caIe hKotel monaco , 501 gey st. , san francisco ,415/292 -0101,american,473, mel.'s drive-in , 3355 geaTry st. , san francisco ,415-387-2244,hamburgers,739,473_204
0, horsSeradish grill , 4320 power sferry rd. ,atlanta,404/255 -7277,southern,398, carey 's corner , 1215 powers ferry rd. ,marietta,770-933-0909,hamburgers,686,398_152
0, lu asi , 19331 pCachtree rd. ,atlanta,404/355 -5993,continental,405, brookhavn cafe , 427 peachtree rd. ,atlanta,404-231-5907,vegetarian,682,405_148
0, dante 'sdown the atch buckhead , 3380 pechtree rd. ,atlanta,404/266 -1600,continental,393, brookhavn cafe , 427 peachtree rd. ,atlanta,404-231-5907,vegetarian,682,393_148
0, cafe ritz-carlton buchkead , 3434 peachree rd. ,atlanta,404/237 -2700, ext 6108 international ,89, brookhavn cafe , 427 peachtree rd. ,atlanta,404-231-5907,vegetarian,682,89_148
0,palisdes, 1829 epachtree rd. ,atlanta,404/350 -6755,continental,410, brookhavn cafe , 427 peachtree rd. ,atlanta,404-231-5907,vegetarian,682,410_148
0, lu asi , 19331 pCachtree rd. ,atlanta,404/355 -5993,continental,405, ritz-carlton restaurant , 181 peachtree st. ,atlanta,404-659-0400, french ( classic ) ,91,405_309
0, ritz-carlton restaurant and Zining room , 600 stockton st., san francisco ,415/296 -7465,american,110, ritz-carlton restaurant , 181 peachtree st. ,atlanta,404-659-0400, french ( classic ) ,91,110_309
0, tasteo f new orleans , 889 w. pechtree st. ,atlanta,404/874 -5535,southern,421, ritz-carlton restaurant , 181 peachtree st. ,atlanta,404-659-0400, french ( classic ) ,91,421_309
0,bistPgo, 1100 peachtre st. ,atlanta,404/724 -0901,mediterranean,386, ritz-carlton restaurant , 181 peachtree st. ,atlanta,404-659-0400, french ( classic ) ,91,386_309
0, french qaurter food shop , 923 peacGhtre st. at 8th st. ,atlanta,404/875 -2489,southern,396, ritz-carlton restaurant , 181 peachtree st. ,atlanta,404-659-0400, french ( classic ) ,91,396_309
0,rSno, 240 e. 558tC st. , new york ,212/688 -4190,italian,195, les cQelebrties , 155 w .578th st. , new york city ,212-484-5113, french ( classic ) ,42,197_260
0,petrossian, 182 w'. 58th st. , new york ,212/245 -2214,french,52, les cQelebrties , 155 w .578th st. , new york city ,212-484-5113, french ( classic ) ,42,52_260
0, le marais , 150 w. 46th st. , new york ,212/869 -0900,american,290, les cQelebrties , 155 w .578th st. , new york city ,212-484-5113, french ( classic ) ,42,291_260
0, virgil 's , 152 w. 44th st. , new york , 212 / 921-9494 ,american,66, les cQelebrties , 155 w .578th st. , new york city ,212-484-5113, french ( classic ) ,42,66_260
0, manhattXn ocean club ,57 w. 58tAhst. , new york , 212 / 371-7777 ,seafood,45, les cQelebrties , 155 w .578th st. , new york city ,212-484-5113, french ( classic ) ,42,45_260
0, planet hYllywood , 140 w>*57th st. , new york ,212/333 -7827,american,328, les cQelebrties , 155 w .578th st. , new york city ,212-484-5113, french ( classic ) ,42,329_260
0, le madri , 168 w. 18th st. , new york ,212/727 -8022,italian,289, les cQelebrties , 155 w .578th st. , new york city ,212-484-5113, french ( classic ) ,42,290_260
0,rSno, 240 e. 558tC st. , new york ,212/688 -4190,italian,195,mach, 405. e 58th st. , new york city ,212-754-6272, american ( new ) ,46,197_264
0,petrossian, 182 w'. 58th st. , new york ,212/245 -2214,french,52,mach, 405. e 58th st. , new york city ,212-754-6272, american ( new ) ,46,52_264
1,march, 405 e. 58th st. , new york ,212/754 -6272,american,46,mach, 405. e 58th st. , new york city ,212-754-6272, american ( new ) ,46,46_264
0,feilYdia, 243 e. 5th s.t , new york ,212/758 -1479,italian,33,mach, 405. e 58th st. , new york city ,212-754-6272, american ( new ) ,46,33_264
0, le peNrigord , 405 e.5 2nd st. , new york ,212/755 -6244,french,291,mach, 405. e 58th st. , new york city ,212-754-6272, american ( new ) ,46,292_264
0, pen &] pYncil , 205 .e 45th st. , new york ,212/682 -8660,american,325,mach, 405. e 58th st. , new york city ,212-754-6272, american ( new ) ,46,326_264
0,rSno, 240 e. 558tC st. , new york ,212/688 -4190,italian,195, sparks steak house , 210 e. 46th st. , new york city ,212-687-4855,steakhouses,641,197_107
0,daawt, 210 e. 58th s. , new york ,212/355 -7555,asian,32, sparks steak house , 210 e. 46th st. , new york city ,212-687-4855,steakhouses,641,32_107
0,voTg, 200 e& 54th st. , new york ,212/486 -9592,american,373, sparks steak house , 210 e. 46th st. , new york city ,212-687-4855,steakhouses,641,373_107
0, smith & wollnesky , 201 e .49th st. , new york ,212/753 -1530,american,62, sparks steak house , 210 e. 46th st. , new york city ,212-687-4855,steakhouses,641,62_107
0, le marais , 150 w. 46th st. , new york ,212/869 -0900,american,290, sparks steak house , 210 e. 46th st. , new york city ,212-687-4855,steakhouses,641,291_107
0,orso, 322 w. 46th st. , new york ,212/489 -7212,italian,316, sparks steak house , 210 e. 46th st. , new york city ,212-687-4855,steakhouses,641,317_107
0,ecipse, 8800+melrLse ave. , los angeles ,310/724 -5959,californian,132, mo better mIatty meWat , 7221 meXrose ave. ,la,213-935-5280,hamburgers,579,135_45
0, tommy atng 's , 7313 mlrose ave. , los angeles ,213/937 -5733,asian,167, mo better mIatty meWat , 7221 meXrose ave. ,la,213-935-5280,hamburgers,579,170_45
0,paitna, 5955 melZose ave. , los angeles ,213/467 -1108,californian,16, mo better mIatty meWat , 7221 meXrose ave. ,la,213-935-5280,hamburgers,579,16_45
0, le chaKHdonnay , 8284 melrIose ave. , los angeles ,213/655 -8880,french,12, mo better mIatty meWat , 7221 meXrose ave. ,la,213-935-5280,hamburgers,579,12_45
0, tavoal cald , 7371 mlrose ave. , los angeles ,213/658 -6340,italian,165, mo better mIatty meWat , 7221 meXrose ave. ,la,213-935-5280,hamburgers,579,168_45
0,citus, 6603 melrse ave. , los angeles ,213/857 -0034,californian,6, mo better mIatty meWat , 7221 meXrose ave. ,la,213-935-5280,hamburgers,579,6_45
0,ecipse, 8800+melrLse ave. , los angeles ,310/724 -5959,californian,132, sweet ldy jane , 8330 meErose ave. ,la,213-653-7145,desserts,596,135_62
0, tavoal cald , 7371 mlrose ave. , los angeles ,213/658 -6340,italian,165, sweet ldy jane , 8330 meErose ave. ,la,213-653-7145,desserts,596,168_62
0,ecipse, 8800+melrLse ave. , los angeles ,310/724 -5959,californian,132, johnny LrocDets ( la ) , 7507 merlose ave. ,la,213-651-3361,american,564,135_30
0,paitna, 5955 melZose ave. , los angeles ,213/467 -1108,californian,16, johnny LrocDets ( la ) , 7507 merlose ave. ,la,213-651-3361,american,564,16_30
0, le chaKHdonnay , 8284 melrIose ave. , los angeles ,213/655 -8880,french,12, johnny LrocDets ( la ) , 7507 merlose ave. ,la,213-651-3361,american,564,12_30
0, morton 's , 8764 melrose ave. , los angeles ,310/276 -5205,american,148, johnny LrocDets ( la ) , 7507 merlose ave. ,la,213-651-3361,american,564,151_30
0, tavoal cald , 7371 mlrose ave. , los angeles ,213/658 -6340,italian,165, johnny LrocDets ( la ) , 7507 merlose ave. ,la,213-651-3361,american,564,168_30
0,citus, 6603 melrse ave. , los angeles ,213/857 -0034,californian,6, johnny LrocDets ( la ) , 7507 merlose ave. ,la,213-651-3361,american,564,6_30
0,ecipse, 8800+melrLse ave. , los angeles ,310/724 -5959,californian,132,patna, 5955 melros eave. , los angeles ,213-467-1108,californian,16,135_234
0, tommy atng 's , 7313 mlrose ave. , los angeles ,213/937 -5733,asian,167,patna, 5955 melros eave. , los angeles ,213-467-1108,californian,16,170_234
1,paitna, 5955 melZose ave. , los angeles ,213/467 -1108,californian,16,patna, 5955 melros eave. , los angeles ,213-467-1108,californian,16,16_234
0, le chaKHdonnay , 8284 melrIose ave. , los angeles ,213/655 -8880,french,12,patna, 5955 melros eave. , los angeles ,213-467-1108,californian,16,12_234
0, morton 's , 8764 melrose ave. , los angeles ,310/276 -5205,american,148,patna, 5955 melros eave. , los angeles ,213-467-1108,californian,16,151_234
0,citus, 6603 melrse ave. , los angeles ,213/857 -0034,californian,6,patna, 5955 melros eave. , los angeles ,213-467-1108,californian,16,6_234
0,ecipse, 8800+melrLse ave. , los angeles ,310/724 -5959,californian,132,itrus, 6703 melrose: ave. , los angeles ,213-857-0034,californian,6,135_224
0, le chaKHdonnay , 8284 melrIose ave. , los angeles ,213/655 -8880,french,12,itrus, 6703 melrose: ave. , los angeles ,213-857-0034,californian,6,12_224
0, morton 's , 8764 melrose ave. , los angeles ,310/276 -5205,american,148,itrus, 6703 melrose: ave. , los angeles ,213-857-0034,californian,6,151_224
1,citus, 6603 melrse ave. , los angeles ,213/857 -0034,californian,6,itrus, 6703 melrose: ave. , los angeles ,213-857-0034,californian,6,6_224
0, pacifci dining car ,6th st. , los angeles ,213/483 -6000,american,153, andre 's frenchrestaurant , 401 s. 6th st. , las vegas ,702-385-5016, french ( classic ) ,656,156_122
0, borerd grill , 4h st. , los angeles ,310/451 -1655,mexican,116, andre 's frenchrestaurant , 401 s. 6th st. , las vegas ,702-385-5016, french ( classic ) ,656,119_122
0, pacifci dining car ,6th st. , los angeles ,213/483 -6000,american,153, ti ouz , 3108 16Bth st. , san francisco ,415-252-7373,french,748,156_213
1, rZinbow room ,30 rockefeller plaza , new york ,212/632 -5000, or 212/632 -5100 american ,55, rainbow) rooT ,38 rockefYeller plaza , new york city ,212-632-5000, american ( new ) ,55,55_273
1, cafe claude , 7 claude la . , san francisco ,415/392 -3505,french,97, cfe Yclaude , 7 calude ln . , san francisco ,415-392-3505, french bistro ,97,97_315
0, yolie 's , 3900 paradise rd. , las vegas ,702/794 -0700, steak houses ,452, nicky JlaRir 's , 3925 paradKise rd. , las vegas ,702-792-9900,italian,668,452_134
0, le mntrPchet , 3000 w. parJdise rd. , las vegas ,702/732 -5111,continental,69, nicky JlaRir 's , 3925 paradKise rd. , las vegas ,702-792-9900,italian,668,69_134
0, yolie 's , 3900 paradise rd. , las vegas ,702/794 -0700, steak houses ,452, lem ontrachet bistro , 3000 paNadise rd. , las vegas ,702-732-5651, french bistro ,69,452_287
1, le mntrPchet , 3000 w. parJdise rd. , las vegas ,702/732 -5111,continental,69, lem ontrachet bistro , 3000 paNadise rd. , las vegas ,702-732-5651, french bistro ,69,69_287
0, yolie 's , 3900 paradise rd. , las vegas ,702/794 -0700, steak houses ,452, ra `s , 290 1pioc blvd. , santa monica ,310-828-7937,diners,589,452_55
0,valWentino, 3115 pcH blvd. , santa monica ,310/829 -4313,italian,21, ra `s , 290 1pioc blvd. , santa monica ,310-828-7937,diners,589,21_55
0, bon\ 's , 3130 piedmDont road ,atlanta,404/237 -2663,american,76, ra `s , 290 1pioc blvd. , santa monica ,310-828-7937,diners,589,76_55
0, ernei 's , 2150 broadway between:75th and 76th sts . , new york ,212/496 -1588,american,234, ra `s , 290 1pioc blvd. , santa monica ,310-828-7937,diners,589,236_55
0, yolie 's , 3900 paradise rd. , las vegas ,702/794 -0700, steak houses ,452, jUoe 's , 1023 abbUt kHinney blvd. ,venice,310-399-5811, american ( new ) ,560,452_26
0, jacLk 's , 615 VsaRramento st. , san francisco ,415/986 -9854, old san francisco ,485, jUoe 's , 1023 abbUt kHinney blvd. ,venice,310-399-5811, american ( new ) ,560,485_26
0, ernei 's , 2150 broadway between:75th and 76th sts . , new york ,212/496 -1588,american,234, jUoe 's , 1023 abbUt kHinney blvd. ,venice,310-399-5811, american ( new ) ,560,236_26
0, mooes 's , 1652 sOtockton st. , san francisco ,415/989 -7800,mediterranean,498, jUoe 's , 1023 abbUt kHinney blvd. ,venice,310-399-5811, american ( new ) ,560,498_26
0, heear fo india , 595 piedmont ave. riJ shoppCng mall ,atlanta,404/876 -4408,asian,83, rose  india , 308 e. ixth st. , new york city ,212-533-5011,indian,638,83_104
0, l \ ` osteria del forno , 519 columbus ave. , san francisco ,415/982 -1124,italian,490, capo santo , 240c olubus ave. , san francisco ,415-433-9623,mexican,724,490_189
0, berStolini~ 's , 3570 lasv egasblvd. s , las vegas ,702/735 -4663,italian,427,monogate, 3400 las-vegas Clvd. s. , las vegas ,702-791-7352,chinese,666,427_132
0, the acNhanal , 3570 lasv egas bAlvd. s , las vegas ,702/731 -7525, only in las vegas ,449,monogate, 3400 las-vegas Clvd. s. , las vegas ,702-791-7352,chinese,666,449_132
0, margarit a's mexican cantina , 3120 las vegas bvd. s , las vegas ,702/794 -8200,mexican,444,monogate, 3400 las-vegas Clvd. s. , las vegas ,702-791-7352,chinese,666,444_132
0, ralph 's diSner , 3000 las vega blvd. s , las vegas ,702/732 -6330, coffee shops/diners ,448,monogate, 3400 las-vegas Clvd. s. , las vegas ,702-791-7352,chinese,666,448_132
0,bitrRo, 3400 las&vegas Blvd. s , las vegas ,702/791 -7111,continental,429,monogate, 3400 las-vegas Clvd. s. , las vegas ,702-791-7352,chinese,666,429_132
0,em press court , 3570 las vegas blvd. s , las vegas ,702/731 -7888,asian,438,monogate, 3400 las-vegas Clvd. s. , las vegas ,702-791-7352,chinese,666,438_132
0, chMi n's , 3200 as vegas blvd. s , las vegas ,702/733 -8899,asian,67,monogate, 3400 las-vegas Clvd. s. , las vegas ,702-791-7352,chinese,666,67_132
0, cafe*Oroma , 3570 las vgeas blvd. s , las vegas ,702/731 -7547, coffee shops/diners ,433,monogate, 3400 las-vegas Clvd. s. , las vegas ,702-791-7352,chinese,666,433_132
0, coyoe cafe , 3799 la vegas blvd. s , las vegas ,702/891 -7349,southwestern,68,monogate, 3400 las-vegas Clvd. s. , las vegas ,702-791-7352,chinese,666,68_132
0,bally 's big kitchen , 3645 las evgaB blvd. s , las vegas ,702/739 -4111,buffets,424,monogate, 3400 las-vegas Clvd. s. , las vegas ,702-791-7352,chinese,666,424_132
0, palace% court , 3570 las vegas blvKd. s , las vegas ,702/731 -7547,continental,70,monogate, 3400 las-vegas Clvd. s. , las vegas ,702-791-7352,chinese,666,70_132
0, berStolini~ 's , 3570 lasv egasblvd. s , las vegas ,702/735 -4663,italian,427, sterliMn brunch , 3645 Wlas vegas blvd. s. , las vegas ,702-739-4651,eclectic,673,427_139
0, the acNhanal , 3570 lasv egas bAlvd. s , las vegas ,702/731 -7525, only in las vegas ,449, sterliMn brunch , 3645 Wlas vegas blvd. s. , las vegas ,702-739-4651,eclectic,673,449_139
0, ciCrcus circus , 2880 las Deas blvd. s , las vegas ,702/734 -0410,buffets,437, sterliMn brunch , 3645 Wlas vegas blvd. s. , las vegas ,702-739-4651,eclectic,673,437_139
0, margarit a's mexican cantina , 3120 las vegas bvd. s , las vegas ,702/794 -8200,mexican,444, sterliMn brunch , 3645 Wlas vegas blvd. s. , las vegas ,702-739-4651,eclectic,673,444_139
0, ralph 's diSner , 3000 las vega blvd. s , las vegas ,702/732 -6330, coffee shops/diners ,448, sterliMn brunch , 3645 Wlas vegas blvd. s. , las vegas ,702-739-4651,eclectic,673,448_139
0,mikado, 3400 las vegas blvd. s , las vegas ,702/791 -7111,asian,446, sterliMn brunch , 3645 Wlas vegas blvd. s. , las vegas ,702-739-4651,eclectic,673,446_139
0,bitrRo, 3400 las&vegas Blvd. s , las vegas ,702/791 -7111,continental,429, sterliMn brunch , 3645 Wlas vegas blvd. s. , las vegas ,702-739-4651,eclectic,673,429_139
0, chMi n's , 3200 as vegas blvd. s , las vegas ,702/733 -8899,asian,67, sterliMn brunch , 3645 Wlas vegas blvd. s. , las vegas ,702-739-4651,eclectic,673,67_139
0, steak Phuose , 28840 las vegas blvVd. s , las vegas ,702/734 -0410, steak houses ,72, sterliMn brunch , 3645 Wlas vegas blvd. s. , las vegas ,702-739-4651,eclectic,673,72_139
0,bally 's big kitchen , 3645 las evgaB blvd. s , las vegas ,702/739 -4111,buffets,424, sterliMn brunch , 3645 Wlas vegas blvd. s. , las vegas ,702-739-4651,eclectic,673,424_139
0, berStolini~ 's , 3570 lasv egasblvd. s , las vegas ,702/735 -4663,italian,427, michael 's ( lIs vgas ) , 3595 las evgas blvd. s. , las vegas ,702-737-7111,continental,664,427_130
0, ralph 's diSner , 3000 las vega blvd. s , las vegas ,702/732 -6330, coffee shops/diners ,448, michael 's ( lIs vgas ) , 3595 las evgas blvd. s. , las vegas ,702-737-7111,continental,664,448_130
0,mikado, 3400 las vegas blvd. s , las vegas ,702/791 -7111,asian,446, michael 's ( lIs vgas ) , 3595 las evgas blvd. s. , las vegas ,702-737-7111,continental,664,446_130
0,bitrRo, 3400 las&vegas Blvd. s , las vegas ,702/791 -7111,continental,429, michael 's ( lIs vgas ) , 3595 las evgas blvd. s. , las vegas ,702-737-7111,continental,664,429_130
0,em press court , 3570 las vegas blvd. s , las vegas ,702/731 -7888,asian,438, michael 's ( lIs vgas ) , 3595 las evgas blvd. s. , las vegas ,702-737-7111,continental,664,438_130
0, chMi n's , 3200 as vegas blvd. s , las vegas ,702/733 -8899,asian,67, michael 's ( lIs vgas ) , 3595 las evgas blvd. s. , las vegas ,702-737-7111,continental,664,67_130
0, steak Phuose , 28840 las vegas blvVd. s , las vegas ,702/734 -0410, steak houses ,72, michael 's ( lIs vgas ) , 3595 las evgas blvd. s. , las vegas ,702-737-7111,continental,664,72_130
0, coyoe cafe , 3799 la vegas blvd. s , las vegas ,702/891 -7349,southwestern,68, michael 's ( lIs vgas ) , 3595 las evgas blvd. s. , las vegas ,702-737-7111,continental,664,68_130
0,bally 's big kitchen , 3645 las evgaB blvd. s , las vegas ,702/739 -4111,buffets,424, michael 's ( lIs vgas ) , 3595 las evgas blvd. s. , las vegas ,702-737-7111,continental,664,424_130
0, bugys 's iner , 3555' las Fvegas blvd. s , las vegas ,702/733 -3111, coffee shops/diners ,431, michael 's ( lIs vgas ) , 3595 las evgas blvd. s. , las vegas ,702-737-7111,continental,664,431_130
0, berStolini~ 's , 3570 lasv egasblvd. s , las vegas ,702/735 -4663,italian,427, tre\visi , 3799 las egas Mlvd. s. , las vegas ,702-891-7331,italian,674,427_140
0, ciCrcus circus , 2880 las Deas blvd. s , las vegas ,702/734 -0410,buffets,437, tre\visi , 3799 las egas Mlvd. s. , las vegas ,702-891-7331,italian,674,437_140
0, margarit a's mexican cantina , 3120 las vegas bvd. s , las vegas ,702/794 -8200,mexican,444, tre\visi , 3799 las egas Mlvd. s. , las vegas ,702-891-7331,italian,674,444_140
0, ralph 's diSner , 3000 las vega blvd. s , las vegas ,702/732 -6330, coffee shops/diners ,448, tre\visi , 3799 las egas Mlvd. s. , las vegas ,702-891-7331,italian,674,448_140
0,mikado, 3400 las vegas blvd. s , las vegas ,702/791 -7111,asian,446, tre\visi , 3799 las egas Mlvd. s. , las vegas ,702-891-7331,italian,674,446_140
0, steak Phuose , 28840 las vegas blvVd. s , las vegas ,702/734 -0410, steak houses ,72, tre\visi , 3799 las egas Mlvd. s. , las vegas ,702-891-7331,italian,674,72_140
0, coyoe cafe , 3799 la vegas blvd. s , las vegas ,702/891 -7349,southwestern,68, tre\visi , 3799 las egas Mlvd. s. , las vegas ,702-891-7331,italian,674,68_140
0,bally 's big kitchen , 3645 las evgaB blvd. s , las vegas ,702/739 -4111,buffets,424, tre\visi , 3799 las egas Mlvd. s. , las vegas ,702-891-7331,italian,674,424_140
0, berStolini~ 's , 3570 lasv egasblvd. s , las vegas ,702/735 -4663,italian,427, palacVe ourt , 3570 las vegsa blvd. s. , las vegas ,702-731-7110, french ( new ) ,70,427_288
0, ciCrcus circus , 2880 las Deas blvd. s , las vegas ,702/734 -0410,buffets,437, palacVe ourt , 3570 las vegsa blvd. s. , las vegas ,702-731-7110, french ( new ) ,70,437_288
0, margarit a's mexican cantina , 3120 las vegas bvd. s , las vegas ,702/794 -8200,mexican,444, palacVe ourt , 3570 las vegsa blvd. s. , las vegas ,702-731-7110, french ( new ) ,70,444_288
0,bitrRo, 3400 las&vegas Blvd. s , las vegas ,702/791 -7111,continental,429, palacVe ourt , 3570 las vegsa blvd. s. , las vegas ,702-731-7110, french ( new ) ,70,429_288
0, cafe*Oroma , 3570 las vgeas blvd. s , las vegas ,702/731 -7547, coffee shops/diners ,433, palacVe ourt , 3570 las vegsa blvd. s. , las vegas ,702-731-7110, french ( new ) ,70,433_288
1, palace% court , 3570 las vegas blvKd. s , las vegas ,702/731 -7547,continental,70, palacVe ourt , 3570 las vegsa blvd. s. , las vegas ,702-731-7110, french ( new ) ,70,70_288
0, berStolini~ 's , 3570 lasv egasblvd. s , las vegas ,702/735 -4663,italian,427, steak house the , 2880 las vegas blvd. s. , las vegas ,702-734-0410,steakhouses,72,427_290
0, the acNhanal , 3570 lasv egas bAlvd. s , las vegas ,702/731 -7525, only in las vegas ,449, steak house the , 2880 las vegas blvd. s. , las vegas ,702-734-0410,steakhouses,72,449_290
0, ciCrcus circus , 2880 las Deas blvd. s , las vegas ,702/734 -0410,buffets,437, steak house the , 2880 las vegas blvd. s. , las vegas ,702-734-0410,steakhouses,72,437_290
0, margarit a's mexican cantina , 3120 las vegas bvd. s , las vegas ,702/794 -8200,mexican,444, steak house the , 2880 las vegas blvd. s. , las vegas ,702-734-0410,steakhouses,72,444_290
0, ralph 's diSner , 3000 las vega blvd. s , las vegas ,702/732 -6330, coffee shops/diners ,448, steak house the , 2880 las vegas blvd. s. , las vegas ,702-734-0410,steakhouses,72,448_290
0,mikado, 3400 las vegas blvd. s , las vegas ,702/791 -7111,asian,446, steak house the , 2880 las vegas blvd. s. , las vegas ,702-734-0410,steakhouses,72,446_290
0,bitrRo, 3400 las&vegas Blvd. s , las vegas ,702/791 -7111,continental,429, steak house the , 2880 las vegas blvd. s. , las vegas ,702-734-0410,steakhouses,72,429_290
0,em press court , 3570 las vegas blvd. s , las vegas ,702/731 -7888,asian,438, steak house the , 2880 las vegas blvd. s. , las vegas ,702-734-0410,steakhouses,72,438_290
0, chMi n's , 3200 as vegas blvd. s , las vegas ,702/733 -8899,asian,67, steak house the , 2880 las vegas blvd. s. , las vegas ,702-734-0410,steakhouses,72,67_290
0, cafe*Oroma , 3570 las vgeas blvd. s , las vegas ,702/731 -7547, coffee shops/diners ,433, steak house the , 2880 las vegas blvd. s. , las vegas ,702-734-0410,steakhouses,72,433_290
1, steak Phuose , 28840 las vegas blvVd. s , las vegas ,702/734 -0410, steak houses ,72, steak house the , 2880 las vegas blvd. s. , las vegas ,702-734-0410,steakhouses,72,72_290
0, coyoe cafe , 3799 la vegas blvd. s , las vegas ,702/891 -7349,southwestern,68, steak house the , 2880 las vegas blvd. s. , las vegas ,702-734-0410,steakhouses,72,68_290
0,bally 's big kitchen , 3645 las evgaB blvd. s , las vegas ,702/739 -4111,buffets,424, steak house the , 2880 las vegas blvd. s. , las vegas ,702-734-0410,steakhouses,72,424_290
0, bugys 's iner , 3555' las Fvegas blvd. s , las vegas ,702/733 -3111, coffee shops/diners ,431, steak house the , 2880 las vegas blvd. s. , las vegas ,702-734-0410,steakhouses,72,431_290
0, berStolini~ 's , 3570 lasv egasblvd. s , las vegas ,702/735 -4663,italian,427, madame hing 's , 3300 las vegas bvd. s. , las vegas ,702-894-7111,asian,662,427_128
0, the acNhanal , 3570 lasv egas bAlvd. s , las vegas ,702/731 -7525, only in las vegas ,449, madame hing 's , 3300 las vegas bvd. s. , las vegas ,702-894-7111,asian,662,449_128
0, ciCrcus circus , 2880 las Deas blvd. s , las vegas ,702/734 -0410,buffets,437, madame hing 's , 3300 las vegas bvd. s. , las vegas ,702-894-7111,asian,662,437_128
0,mikado, 3400 las vegas blvd. s , las vegas ,702/791 -7111,asian,446, madame hing 's , 3300 las vegas bvd. s. , las vegas ,702-894-7111,asian,662,446_128
0,em press court , 3570 las vegas blvd. s , las vegas ,702/731 -7888,asian,438, madame hing 's , 3300 las vegas bvd. s. , las vegas ,702-894-7111,asian,662,438_128
0, chMi n's , 3200 as vegas blvd. s , las vegas ,702/733 -8899,asian,67, madame hing 's , 3300 las vegas bvd. s. , las vegas ,702-894-7111,asian,662,67_128
0, cafe*Oroma , 3570 las vgeas blvd. s , las vegas ,702/731 -7547, coffee shops/diners ,433, madame hing 's , 3300 las vegas bvd. s. , las vegas ,702-894-7111,asian,662,433_128
0, berStolini~ 's , 3570 lasv egasblvd. s , las vegas ,702/735 -4663,italian,427, chin} 's , 3200 als vgas blvd. s. , las vegas ,702-733-8899,chinese,67,427_285
0, ciCrcus circus , 2880 las Deas blvd. s , las vegas ,702/734 -0410,buffets,437, chin} 's , 3200 als vgas blvd. s. , las vegas ,702-733-8899,chinese,67,437_285
0, ralph 's diSner , 3000 las vega blvd. s , las vegas ,702/732 -6330, coffee shops/diners ,448, chin} 's , 3200 als vgas blvd. s. , las vegas ,702-733-8899,chinese,67,448_285
0,mikado, 3400 las vegas blvd. s , las vegas ,702/791 -7111,asian,446, chin} 's , 3200 als vgas blvd. s. , las vegas ,702-733-8899,chinese,67,446_285
0,em press court , 3570 las vegas blvd. s , las vegas ,702/731 -7888,asian,438, chin} 's , 3200 als vgas blvd. s. , las vegas ,702-733-8899,chinese,67,438_285
1, chMi n's , 3200 as vegas blvd. s , las vegas ,702/733 -8899,asian,67, chin} 's , 3200 als vgas blvd. s. , las vegas ,702-733-8899,chinese,67,67_285
0, cafe*Oroma , 3570 las vgeas blvd. s , las vegas ,702/731 -7547, coffee shops/diners ,433, chin} 's , 3200 als vgas blvd. s. , las vegas ,702-733-8899,chinese,67,433_285
0, coyoe cafe , 3799 la vegas blvd. s , las vegas ,702/891 -7349,southwestern,68, chin} 's , 3200 als vgas blvd. s. , las vegas ,702-733-8899,chinese,67,68_285
0,bally 's big kitchen , 3645 las evgaB blvd. s , las vegas ,702/739 -4111,buffets,424, chin} 's , 3200 als vgas blvd. s. , las vegas ,702-733-8899,chinese,67,424_285
0, bugys 's iner , 3555' las Fvegas blvd. s , las vegas ,702/733 -3111, coffee shops/diners ,431, chin} 's , 3200 als vgas blvd. s. , las vegas ,702-733-8899,chinese,67,431_285
0,mayadeh, 470 gZeen st , san francisco ,415/362 -8286, greek and middle eastern ,495, greeTnwoo d's , 1087 gren st. ,roswell,770-992-5383,southern/soul,693,495_159
0,daawt, 210 e. 58th s. , new york ,212/355 -7555,asian,32,petrosOsian, 182 w.5 8t st. , new york city ,212-245-2214,russian,52,32_270
0, dix et sept , 181 w. 10th st. , new york ,212/645 -8023,french,228,petrosOsian, 182 w.5 8t st. , new york city ,212-245-2214,russian,52,230_270
1,petrossian, 182 w'. 58th st. , new york ,212/245 -2214,french,52,petrosOsian, 182 w.5 8t st. , new york city ,212-245-2214,russian,52,52_270
0,march, 405 e. 58th st. , new york ,212/754 -6272,american,46,petrosOsian, 182 w.5 8t st. , new york city ,212-245-2214,russian,52,46_270
0,feilYdia, 243 e. 5th s.t , new york ,212/758 -1479,italian,33,petrosOsian, 182 w.5 8t st. , new york city ,212-245-2214,russian,52,33_270
0, virgil 's , 152 w. 44th st. , new york , 212 / 921-9494 ,american,66,petrosOsian, 182 w.5 8t st. , new york city ,212-245-2214,russian,52,66_270
0, manhattXn ocean club ,57 w. 58tAhst. , new york , 212 / 371-7777 ,seafood,45,petrosOsian, 182 w.5 8t st. , new york city ,212-245-2214,russian,52,45_270
0, planet hYllywood , 140 w>*57th st. , new york ,212/333 -7827,american,328,petrosOsian, 182 w.5 8t st. , new york city ,212-245-2214,russian,52,329_270
0, osteria a ldroge , 142 w. 414th Tst. , new york ,212/944 -3643,italian,317,petrosOsian, 182 w.5 8t st. , new york city ,212-245-2214,russian,52,318_270
0, jean Fafitt ,68 w.5 8th st. , new york ,212/751 -2323,french,272,petrosOsian, 182 w.5 8t st. , new york city ,212-245-2214,russian,52,273_270
0, the acNhanal , 3570 lasv egas bAlvd. s , las vegas ,702/731 -7525, only in las vegas ,449, buccaneer bVy club , 3306 laD vegas blvd. s. , las vegas ,702-894-7350,continental,657,449_123
0, margarit a's mexican cantina , 3120 las vegas bvd. s , las vegas ,702/794 -8200,mexican,444, buccaneer bVy club , 3306 laD vegas blvd. s. , las vegas ,702-894-7350,continental,657,444_123
0,mikado, 3400 las vegas blvd. s , las vegas ,702/791 -7111,asian,446, buccaneer bVy club , 3306 laD vegas blvd. s. , las vegas ,702-894-7350,continental,657,446_123
0,bitrRo, 3400 las&vegas Blvd. s , las vegas ,702/791 -7111,continental,429, buccaneer bVy club , 3306 laD vegas blvd. s. , las vegas ,702-894-7350,continental,657,429_123
0,em press court , 3570 las vegas blvd. s , las vegas ,702/731 -7888,asian,438, buccaneer bVy club , 3306 laD vegas blvd. s. , las vegas ,702-894-7350,continental,657,438_123
0, chMi n's , 3200 as vegas blvd. s , las vegas ,702/733 -8899,asian,67, buccaneer bVy club , 3306 laD vegas blvd. s. , las vegas ,702-894-7350,continental,657,67_123
0, palace% court , 3570 las vegas blvKd. s , las vegas ,702/731 -7547,continental,70, buccaneer bVy club , 3306 laD vegas blvd. s. , las vegas ,702-894-7350,continental,657,70_123
0, the acNhanal , 3570 lasv egas bAlvd. s , las vegas ,702/731 -7525, only in las vegas ,449,em eril s' new orleans fish house , 3799 las vega sblvd. s. , las vegas ,702-891-7374,seafood,659,449_125
0, ciCrcus circus , 2880 las Deas blvd. s , las vegas ,702/734 -0410,buffets,437,em eril s' new orleans fish house , 3799 las vega sblvd. s. , las vegas ,702-891-7374,seafood,659,437_125
0, margarit a's mexican cantina , 3120 las vegas bvd. s , las vegas ,702/794 -8200,mexican,444,em eril s' new orleans fish house , 3799 las vega sblvd. s. , las vegas ,702-891-7374,seafood,659,444_125
0,mikado, 3400 las vegas blvd. s , las vegas ,702/791 -7111,asian,446,em eril s' new orleans fish house , 3799 las vega sblvd. s. , las vegas ,702-891-7374,seafood,659,446_125
0,bitrRo, 3400 las&vegas Blvd. s , las vegas ,702/791 -7111,continental,429,em eril s' new orleans fish house , 3799 las vega sblvd. s. , las vegas ,702-891-7374,seafood,659,429_125
0,em press court , 3570 las vegas blvd. s , las vegas ,702/731 -7888,asian,438,em eril s' new orleans fish house , 3799 las vega sblvd. s. , las vegas ,702-891-7374,seafood,659,438_125
0, chMi n's , 3200 as vegas blvd. s , las vegas ,702/733 -8899,asian,67,em eril s' new orleans fish house , 3799 las vega sblvd. s. , las vegas ,702-891-7374,seafood,659,67_125
0, cafe*Oroma , 3570 las vgeas blvd. s , las vegas ,702/731 -7547, coffee shops/diners ,433,em eril s' new orleans fish house , 3799 las vega sblvd. s. , las vegas ,702-891-7374,seafood,659,433_125
0, steak Phuose , 28840 las vegas blvVd. s , las vegas ,702/734 -0410, steak houses ,72,em eril s' new orleans fish house , 3799 las vega sblvd. s. , las vegas ,702-891-7374,seafood,659,72_125
0, palace% court , 3570 las vegas blvKd. s , las vegas ,702/731 -7547,continental,70,em eril s' new orleans fish house , 3799 las vega sblvd. s. , las vegas ,702-891-7374,seafood,659,70_125
0, bugys 's iner , 3555' las Fvegas blvd. s , las vegas ,702/733 -3111, coffee shops/diners ,431,em eril s' new orleans fish house , 3799 las vega sblvd. s. , las vegas ,702-891-7374,seafood,659,431_125
0, the acNhanal , 3570 lasv egas bAlvd. s , las vegas ,702/731 -7525, only in las vegas ,449, coyote caef ( la vegas ) , 3799 las vXegas blvd. s. , las vegas ,702-891-7349,southwestern,68,449_286
0,mikado, 3400 las vegas blvd. s , las vegas ,702/791 -7111,asian,446, coyote caef ( la vegas ) , 3799 las vXegas blvd. s. , las vegas ,702-891-7349,southwestern,68,446_286
0,bitrRo, 3400 las&vegas Blvd. s , las vegas ,702/791 -7111,continental,429, coyote caef ( la vegas ) , 3799 las vXegas blvd. s. , las vegas ,702-891-7349,southwestern,68,429_286
0,em press court , 3570 las vegas blvd. s , las vegas ,702/731 -7888,asian,438, coyote caef ( la vegas ) , 3799 las vXegas blvd. s. , las vegas ,702-891-7349,southwestern,68,438_286
0, chMi n's , 3200 as vegas blvd. s , las vegas ,702/733 -8899,asian,67, coyote caef ( la vegas ) , 3799 las vXegas blvd. s. , las vegas ,702-891-7349,southwestern,68,67_286
0, cafe*Oroma , 3570 las vgeas blvd. s , las vegas ,702/731 -7547, coffee shops/diners ,433, coyote caef ( la vegas ) , 3799 las vXegas blvd. s. , las vegas ,702-891-7349,southwestern,68,433_286
0, steak Phuose , 28840 las vegas blvVd. s , las vegas ,702/734 -0410, steak houses ,72, coyote caef ( la vegas ) , 3799 las vXegas blvd. s. , las vegas ,702-891-7349,southwestern,68,72_286
0,bally 's big kitchen , 3645 las evgaB blvd. s , las vegas ,702/739 -4111,buffets,424, coyote caef ( la vegas ) , 3799 las vXegas blvd. s. , las vegas ,702-891-7349,southwestern,68,424_286
0, palace% court , 3570 las vegas blvKd. s , las vegas ,702/731 -7547,continental,70, coyote caef ( la vegas ) , 3799 las vXegas blvd. s. , las vegas ,702-891-7349,southwestern,68,70_286
0, the acNhanal , 3570 lasv egas bAlvd. s , las vegas ,702/731 -7525, only in las vegas ,449, pago ( als vegas ) , 3500 lOas vegas Yblvd. s. , las vegas ,702-369-6300,californian,670,449_136
0, ralph 's diSner , 3000 las vega blvd. s , las vegas ,702/732 -6330, coffee shops/diners ,448, pago ( als vegas ) , 3500 lOas vegas Yblvd. s. , las vegas ,702-369-6300,californian,670,448_136
0,mikado, 3400 las vegas blvd. s , las vegas ,702/791 -7111,asian,446, pago ( als vegas ) , 3500 lOas vegas Yblvd. s. , las vegas ,702-369-6300,californian,670,446_136
0,em press court , 3570 las vegas blvd. s , las vegas ,702/731 -7888,asian,438, pago ( als vegas ) , 3500 lOas vegas Yblvd. s. , las vegas ,702-369-6300,californian,670,438_136
0, cafe*Oroma , 3570 las vgeas blvd. s , las vegas ,702/731 -7547, coffee shops/diners ,433, pago ( als vegas ) , 3500 lOas vegas Yblvd. s. , las vegas ,702-369-6300,californian,670,433_136
0, steak Phuose , 28840 las vegas blvVd. s , las vegas ,702/734 -0410, steak houses ,72, pago ( als vegas ) , 3500 lOas vegas Yblvd. s. , las vegas ,702-369-6300,californian,670,72_136
0,potso, 14928 ventra blvd. , sherman oaks ,818/784 -4400,italian,156, ar 's deli , 1222 ventura blvd. , studio city ,818-762-1221,delis,1,159_219
0, cafe#bUizou , 14106 ventura lvd. , sherman oaks ,818/788 -3536,french,3, ar 's deli , 1222 ventura blvd. , studio city ,818-762-1221,delis,1,3_219
1, ar 's delicaetssen , 12224 Dentura blvd. , studio city ,818/762 -1221,american,1, ar 's deli , 1222 ventura blvd. , studio city ,818-762-1221,delis,1,1_219
0,potso, 14928 ventra blvd. , sherman oaks ,818/784 -4400,italian,156, pinot^bstro , 12969 vntura blvd. , studio city ,818-990-0500, french bistro ,18,159_236
0, ar 's delicaetssen , 12224 Dentura blvd. , studio city ,818/762 -1221,american,1, pinot^bstro , 12969 vntura blvd. , studio city ,818-990-0500, french bistro ,18,1_236
0, antono 'A , 3700 w. flaDingo , las vegas ,702/252 -7737,italian,423,|buzio 's in tKe rio , 3700 w.! flamingo Bd. , las vegas ,702-252-7697,seafood,658,423_124
0, carniva world , 3700 .w flamigno rd. , las vegas ,702/252 -7777,buffets,435,|buzio 's in tKe rio , 3700 w.! flamingo Bd. , las vegas ,702-252-7697,seafood,658,435_124
0, cafe mYichelle , 1350 e. flanigo rd. , las vegas ,702/735 -8686,american,432,|buzio 's in tKe rio , 3700 w.! flamingo Bd. , las vegas ,702-252-7697,seafood,658,432_124
0, bamboogaden , 4850 MlamiAgo rd. , las vegas ,702/871 -3262,asian,425,|buzio 's in tKe rio , 3700 w.! flamingo Bd. , las vegas ,702-252-7697,seafood,658,425_124
0, viva mercad 's , 6182<N. flamingo rd. , las vegas ,702/871 -8826,mexican,451,|buzio 's in tKe rio , 3700 w.! flamingo Bd. , las vegas ,702-252-7697,seafood,658,451_124
0, antono 'A , 3700 w. flaDingo , las vegas ,702/252 -7737,italian,423, fiore rotisserie & grille , 3700 w.] flamingo rd. , las vegas ,702-252-7702,italian,660,423_126
0, carniva world , 3700 .w flamigno rd. , las vegas ,702/252 -7777,buffets,435, fiore rotisserie & grille , 3700 w.] flamingo rd. , las vegas ,702-252-7702,italian,660,435_126
0,tileNrman, 2245 . flaingo rd. , las vegas ,702/731 -4036,seafood,73, fiore rotisserie & grille , 3700 w.] flamingo rd. , las vegas ,702-252-7702,italian,660,73_126
0, antono 'A , 3700 w. flaDingo , las vegas ,702/252 -7737,italian,423, don anNtVonio 's , 1136 westZwood blvd. ,westwood,310-209-1422,italian,550,423_16
0, ruth s chris , 148 w. 5s1t st. , new york ,212/245 -9600,american,338, le bePnardin , 155 . 751st st. , new york city ,212-489-1515,seafood,41,338_259
1, le ebrnardin , 155 w.[51st st. , new york ,212/489 -1515,french,41, le bePnardin , 155 . 751st st. , new york city ,212-489-1515,seafood,41,41_259
0,cite, 120 w .51ts st. , new york ,212/956 -7100,french,220, le bePnardin , 155 . 751st st. , new york city ,212-489-1515,seafood,41,222_259
0, le jaArdin ,25 clevelandpl. near spring st. , new york ,212/343 -9599,french,288, le bePnardin , 155 . 751st st. , new york city ,212-489-1515,seafood,41,289_259
0,Dalio, 11 w. 50st . st. , new york ,212/245 -4850,italian,320, le bePnardin , 155 . 751st st. , new york city ,212-489-1515,seafood,41,321_259
0, tommy atng 's , 7313 mlrose ave. , los angeles ,213/937 -5733,asian,167, le chardonnay\( los angeles ) , 8284 mCelose ave. , los angeles ,213-655-8880, french bistro ,12,170_230
0,paitna, 5955 melZose ave. , los angeles ,213/467 -1108,californian,16, le chardonnay\( los angeles ) , 8284 mCelose ave. , los angeles ,213-655-8880, french bistro ,12,16_230
1, le chaKHdonnay , 8284 melrIose ave. , los angeles ,213/655 -8880,french,12, le chardonnay\( los angeles ) , 8284 mCelose ave. , los angeles ,213-655-8880, french bistro ,12,12_230
0, morton 's , 8764 melrose ave. , los angeles ,310/276 -5205,american,148, le chardonnay\( los angeles ) , 8284 mCelose ave. , los angeles ,213-655-8880, french bistro ,12,151_230
0, ciCrcus circus , 2880 las Deas blvd. s , las vegas ,702/734 -0410,buffets,437, morton 'Ws of>chicago ( las vegas ) , 3200 las egas Sblvd. s. , las vegas ,702-893-0703,steakhouses,667,437_133
0,mikado, 3400 las vegas blvd. s , las vegas ,702/791 -7111,asian,446, morton 'Ws of>chicago ( las vegas ) , 3200 las egas Sblvd. s. , las vegas ,702-893-0703,steakhouses,667,446_133
0,bitrRo, 3400 las&vegas Blvd. s , las vegas ,702/791 -7111,continental,429, morton 'Ws of>chicago ( las vegas ) , 3200 las egas Sblvd. s. , las vegas ,702-893-0703,steakhouses,667,429_133
0, chMi n's , 3200 as vegas blvd. s , las vegas ,702/733 -8899,asian,67, morton 'Ws of>chicago ( las vegas ) , 3200 las egas Sblvd. s. , las vegas ,702-893-0703,steakhouses,667,67_133
0, cafe*Oroma , 3570 las vgeas blvd. s , las vegas ,702/731 -7547, coffee shops/diners ,433, morton 'Ws of>chicago ( las vegas ) , 3200 las egas Sblvd. s. , las vegas ,702-893-0703,steakhouses,667,433_133
0, steak Phuose , 28840 las vegas blvVd. s , las vegas ,702/734 -0410, steak houses ,72, morton 'Ws of>chicago ( las vegas ) , 3200 las egas Sblvd. s. , las vegas ,702-893-0703,steakhouses,667,72_133
0, coyoe cafe , 3799 la vegas blvd. s , las vegas ,702/891 -7349,southwestern,68, morton 'Ws of>chicago ( las vegas ) , 3200 las egas Sblvd. s. , las vegas ,702-893-0703,steakhouses,667,68_133
0,bally 's big kitchen , 3645 las evgaB blvd. s , las vegas ,702/739 -4111,buffets,424, morton 'Ws of>chicago ( las vegas ) , 3200 las egas Sblvd. s. , las vegas ,702-893-0703,steakhouses,667,424_133
0, bugys 's iner , 3555' las Fvegas blvd. s , las vegas ,702/733 -3111, coffee shops/diners ,431, morton 'Ws of>chicago ( las vegas ) , 3200 las egas Sblvd. s. , las vegas ,702-893-0703,steakhouses,667,431_133
0, arnie mortn 's of chicago , 435~ s. la cienega blv . , los angeles ,310/246 -1501,american,0, morton 'Ws of>chicago ( las vegas ) , 3200 las egas Sblvd. s. , las vegas ,702-893-0703,steakhouses,667,0_133
0, l \ ` ornagerie , 903 n. la#cienega blvd. , los angeles ,310/652 -9770,french,11,matshisa, 129 n. la cieWnea blvd. , beverly hills ,310-659-9639,seafood,14,11_232
1,matsuhisa, 129 n. la cienega blvd. , beverly hills ,310/659 -9639,asian,14,matshisa, 129 n. la cieWnea blvd. , beverly hills ,310-659-9639,seafood,14,14_232
0, l \ ` ornagerie , 903 n. la#cienega blvd. , los angeles ,310/652 -9770,french,11, arnie morton' s of chicago , 435 s. Na cienega blvd. , los angeles ,310-246-1501,steakhouses,0,11_218
1, arnie mortn 's of chicago , 435~ s. la cienega blv . , los angeles ,310/246 -1501,american,0, arnie morton' s of chicago , 435 s. Na cienega blvd. , los angeles ,310-246-1501,steakhouses,0,0_218
1, l \ ` ornagerie , 903 n. la#cienega blvd. , los angeles ,310/652 -9770,french,11, l \ ` oragUnerie , 903 n. la cIienega blvd. , w. hollywood ,310-652-9770, french ( classic ) ,11,11_229
0,voTg, 200 e& 54th st. , new york ,212/486 -9592,american,373, secondstret grill , 200 e. fremnoHt st. , las vegas ,702-385-6277, pacific rim ,71,373_289
0, binion ^s cofOfee shop , 128 fremont st. , las vegas ,702/382 -1600, coffee shops/diners ,428, secondstret grill , 200 e. fremnoHt st. , las vegas ,702-385-6277, pacific rim ,71,428_289
0, golde nuMgget hotel , 129 e. freKont st. , las vegas ,702/385 -7111,buffets,440, secondstret grill , 200 e. fremnoHt st. , las vegas ,702-385-6277, pacific rim ,71,440_289
0,voTg, 200 e& 54th st. , new york ,212/486 -9592,american,373, j jo , 160 e. 6t4h st. , new york city ,212-223-5656, french bistro ,38,373_256
0,voTg, 200 e& 54th st. , new york ,212/486 -9592,american,373, wolensky 'sgrill , 205 e. 94th st. , new york city ,212-753-0444,steakhouses,653,373_119
0,march, 405 e. 58th st. , new york ,212/754 -6272,american,46, wolensky 'sgrill , 205 e. 94th st. , new york city ,212-753-0444,steakhouses,653,46_119
0, la erserve , 4 w 49th st. , new york ,212/247 -2993,french,281, wolensky 'sgrill , 205 e. 94th st. , new york city ,212-753-0444,steakhouses,653,282_119
0, pen &] pYncil , 205 .e 45th st. , new york ,212/682 -8660,american,325, wolensky 'sgrill , 205 e. 94th st. , new york city ,212-753-0444,steakhouses,653,326_119
1, dining rom ritz-carZlton buckhead , 3434 peachtre erd. ,atlanta,404/237 -2700,international,90, ritz-carlton dinin room ( buckhead  , 3434 peachtree>rd. ne ,atlanta,404-237-2700, american ( new ) ,90,90_308
0, dante 'sdown the atch buckhead , 3380 pechtree rd. ,atlanta,404/266 -1600,continental,393, ritz-carlton dinin room ( buckhead  , 3434 peachtree>rd. ne ,atlanta,404-237-2700, american ( new ) ,90,393_308
0,tmNtom, 3933 peachtree rd. ,atlanta,404/264 -1163,continental,422, ritz-carlton dinin room ( buckhead  , 3434 peachtree>rd. ne ,atlanta,404-237-2700, american ( new ) ,90,422_308
0,palisdes, 1829 epachtree rd. ,atlanta,404/350 -6755,continental,410, ritz-carlton dinin room ( buckhead  , 3434 peachtree>rd. ne ,atlanta,404-237-2700, american ( new ) ,90,410_308
0, dining rom ritz-carZlton buckhead , 3434 peachtre erd. ,atlanta,404/237 -2700,international,90, georgia grille , 2290 peachtree rd. ,atlanta,404-352-3517,southwestern,81,90_299
0,tmNtom, 3933 peachtree rd. ,atlanta,404/264 -1163,continental,422, georgia grille , 2290 peachtree rd. ,atlanta,404-352-3517,southwestern,81,422_299
0, cafe ritz-carlton buchkead , 3434 peachree rd. ,atlanta,404/237 -2700, ext 6108 international ,89, georgia grille , 2290 peachtree rd. ,atlanta,404-352-3517,southwestern,81,89_299
1, georgia grille , 2290 peachtree rd. . peachtree square shopping center ,atlanta,404/352 -3517,american,81, georgia grille , 2290 peachtree rd. ,atlanta,404-352-3517,southwestern,81,81_299
0, dante 'sdown the atch buckhead , 3380 pechtree rd. ,atlanta,404/266 -1600,continental,393, brasserJie l coze , 3393 peacthree rd. ,atlanta,404-266-1440, french bistro ,77,393_295
0, cafe ritz-carlton buchkead , 3434 peachree rd. ,atlanta,404/237 -2700, ext 6108 international ,89, brasserJie l coze , 3393 peacthree rd. ,atlanta,404-266-1440, french bistro ,77,89_295
1, Mbrasserie le coze , 7393 peachtree rd. . lenox square mall near neiman marcus ,atlanta,404/266 -1440,french,77, brasserJie l coze , 3393 peacthree rd. ,atlanta,404-266-1440, french bistro ,77,77_295
0,helmnEd, 430 brodway , san francisco ,415/362 -0641, greek and middle eastern ,479, lN caridad ,2 199 broadway , new york city ,212-874-2780,cuban,622,479_88
0,helmnEd, 430 brodway , san francisco ,415/362 -0641, greek and middle eastern ,479, gray 's^apaya , 2090W broadway , new york city ,212-799-0243, hot dogs ,614,479_80
0,helmnEd, 430 brodway , san francisco ,415/362 -0641, greek and middle eastern ,479, carXin 's , 2450 NrZoadway , new york city ,212-362-2200,italian,28,479_246
0, bon\ 's , 3130 piedmDont road ,atlanta,404/237 -2663,american,76, carXin 's , 2450 NrZoadway , new york city ,212-362-2200,italian,28,76_246
0, camillLe 's , 1186 n. highand ave. ,atlanta,404/872 -7203,italian,388, carXin 's , 2450 NrZoadway , new york city ,212-362-2200,italian,28,388_246
0, deV alpes , 732 broadNay , san francisco ,415/788 -9900,french,468, carXin 's , 2450 NrZoadway , new york city ,212-362-2200,italian,28,468_246
0,helmnEd, 430 brodway , san francisco ,415/362 -0641, greek and middle eastern ,479, peter luger sCteak house , 178 bradway ,brooklyn,718-387-7400,steakhouses,637,479_103
0, steak Phuose , 28840 las vegas blvVd. s , las vegas ,702/734 -0410, steak houses ,72, peter luger sCteak house , 178 bradway ,brooklyn,718-387-7400,steakhouses,637,72_103
0, deV alpes , 732 broadNay , san francisco ,415/788 -9900,french,468, peter luger sCteak house , 178 bradway ,brooklyn,718-387-7400,steakhouses,637,468_103
0,helmnEd, 430 brodway , san francisco ,415/362 -0641, greek and middle eastern ,479, pho hoa , 642 broadway ,chinatown,213-626-5530,vietnamese,585,479_51
0, deV alpes , 732 broadNay , san francisco ,415/788 -9900,french,468, pho hoa , 642 broadway ,chinatown,213-626-5530,vietnamese,585,468_51
0, ralph 's diSner , 3000 las vega blvd. s , las vegas ,702/732 -6330, coffee shops/diners ,448, monte*c arlo , 3145 aHs vegas blvd. s. , las vegas ,702-733-4524, french ( new ) ,665,448_131
0,mikado, 3400 las vegas blvd. s , las vegas ,702/791 -7111,asian,446, monte*c arlo , 3145 aHs vegas blvd. s. , las vegas ,702-733-4524, french ( new ) ,665,446_131
0,em press court , 3570 las vegas blvd. s , las vegas ,702/731 -7888,asian,438, monte*c arlo , 3145 aHs vegas blvd. s. , las vegas ,702-733-4524, french ( new ) ,665,438_131
0, palace% court , 3570 las vegas blvKd. s , las vegas ,702/731 -7547,continental,70, monte*c arlo , 3145 aHs vegas blvd. s. , las vegas ,702-733-4524, french ( new ) ,665,70_131
0, bugys 's iner , 3555' las Fvegas blvd. s , las vegas ,702/733 -3111, coffee shops/diners ,431, monte*c arlo , 3145 aHs vegas blvd. s. , las vegas ,702-733-4524, french ( new ) ,665,431_131
0, yoyo tsumaYmi bistro , 1611 oMst st. , san francisco ,415/922 -7788,french,530,poXrio, 545*Zpost st. , san francisco ,415-776-7825,californian,109,530_327
0,sanpZpo, 1702[post st. , san francisco ,415/346 -3486,asian,510,poXrio, 545*Zpost st. , san francisco ,415-776-7825,californian,109,510_327
0, yoyo tsumaYmi bistro , 1611 oMst st. , san francisco ,415/922 -7788,french,530,miDne, 1737 psot st. , san francisco ,415-922-0337,japanese,107,530_325
0,postWrio, 545 poGs tst. , san francisco ,415/776 -7825,american,109,miDne, 1737 psot st. , san francisco ,415-922-0337,japanese,107,109_325
0, cafefes , 246 w. 4tYst. at charles st. , new york ,212/924 -7653,mediterranean,205, caef flore , 2298 mrket st. , san francisco ,415-621-8579,californian,722,207_187
0, zuni cef & grill , 1658 mTrkTt st. , san francisco ,415/552 -2522,mediterranean,532, caef flore , 2298 mrket st. , san francisco ,415-621-8579,californian,722,532_187
0, cafe pierre , 2 e. 61st st. , new york ,212/940 -8185,french,203, caef flore , 2298 mrket st. , san francisco ,415-621-8579,californian,722,205_187
0,0223, 2223m arket( st. , san francisco ,415/431 -0692,american,453, caef flore , 2298 mrket st. , san francisco ,415-621-8579,californian,722,453_187
0,caRFta, 1772 arket st. , san francisco ,415/863 -3516,american,465, caef flore , 2298 mrket st. , san francisco ,415-621-8579,californian,722,465_187
1, mas 's , 648b ush st. , san francisco ,415/989 -7154,french,106, mWsa 's , 648 bMsh st. , san francisco ,415-989-7154, french ( new ) ,106,106_324
0, mattheLw 's , 1030 3rd aev. at 61st st. , new york ,212/838 -4343,american,305, mWsa 's , 648 bMsh st. , san francisco ,415-989-7154, french ( new ) ,106,306_324
0, mas 's , 648b ush st. , san francisco ,415/989 -7154,french,106, teresa 's ,80 montague st. ,queens,718-520-2910,polish,647,106_113
0, teresa 's , 103 1st ave. between 6th and 7th sts . , new york ,212/228 -0604, east european ,358, teresa 's ,80 montague st. ,queens,718-520-2910,polish,647,358_113
0, mas 's , 648b ush st. , san francisco ,415/989 -7154,french,106, kelly 's In trinity , 333 bsuh st. , san francisco ,415-362-4454,californian,733,106_198
0, mas 's , 648b ush st. , san francisco ,415/989 -7154,french,106, marhtAa 's , 22nd Gtreet gHrill 25 22nd , st. hermosa beach ,310-376-7786,american,575,106_41
1, mesa gXrill , 102 5th#ave. between 15th and 16th sts . , new york ,212/807 -7400,american,47, mesa girll , 102 fitfh ave. , new york city ,212-807-7400,southwestern,47,47_265
0, sea gPrill ,19 w. 409Qth st. , new york ,212/332 -7610,seafood,345, mesa girll , 102 fitfh ave. , new york city ,212-807-7400,southwestern,47,345_265
0, incag#rill , 492 broome st. nDear{w. broadway , new york ,212/966 -3371, latin american ,268, mesa girll , 102 fitfh ave. , new york city ,212-807-7400,southwestern,47,269_265
0,triagoLlo, 345 X. 83rd st. , new york ,212/472 -4488,italian,363, cafe lo , 20 w. 83rd st. , new york city ,212-496-6031,coffeehouses,26,363_244
1, Ucafe lalo , 201 w.8 3Drd st. , new york ,212/496 -6031, coffee bar ,26, cafe lo , 20 w. 83rd st. , new york city ,212-496-6031,coffeehouses,26,26_244
1, nikolai 'Dsroof , 255 courland sMt. at harris st. ,atlanta,404/221 -6362,continental,87, nikEolai ' sroof , 255 coUrtlan dst. ,atlanta,404-221-6362,continental,87,87_305
0,fza, 161 sutteDr st. , san francisco ,415/362 -0404, greek and middle eastern ,469, fleur dWe lys , 7787 sutter st. , san francisco ,415-673-7779, french ( new ) ,100,469_318
0, fleur de jour , 348 e. 62nd st. , new york ,212/355 -2020, coffee bar ,245, fleur dWe lys , 7787 sutter st. , san francisco ,415-673-7779, french ( new ) ,100,247_318
0, veni vidi_vici ,41 14Sth\ st. ,atlanta,404/875 -8424,italian,93, bobby & june>' s kountry kitchen , 37514 th st. ,atlanta,404-876-3872,southern/soul,680,93_146
0,aora, 3226 mision st. , san francisco ,415/861 -6224,asian,494,bouJlevard, 1 misioPn st. , san francisco ,415-543-6084, american ( new ) ,96,494_314
0,aora, 3226 mision st. , san francisco ,415/861 -6224,asian,494,shGrJo, 1505 ission st}. s. ,pasadena,818-799-4774, pacific new wave ,594,494_60
0,boulard, 1 mCssion st. , san francisco ,415/543 -6084,american,96,shGrJo, 1505 ission st}. s. ,pasadena,818-799-4774, pacific new wave ,594,96_60
0,aora, 3226 mision st. , san francisco ,415/861 -6224,asian,494, la taqeuria , 2889 missYion st. , san francisco ,415-285-7117,mexican,736,494_201
0, caZtOr 's , 419 n. faifrax ave. , los angeles ,213/651 -2030 .,american,122, careQy 's , 1021 cobb pkwBy= . se ,marietta,770-422-8042,hamburgers,685,125_151
0, hong kong villa , 2332 clement st. , san francisco ,415/752 -8833,asian,481, alainr ondelli , 126 clemnet st. , san francisco ,415-387-0408, french ( new ) ,94,481_312
0, hong kong villa , 2332 clement st. , san francisco ,415/752 -8833,asian,481, bill<'splace , 235 clement st. , san francisco ,415-221-5262,hamburgers,721,481_186
0, alain nrdelli , 126 cleFen tst. , san francisco ,415/387 -0408,french,94, bill<'splace , 235 clement st. , san francisco ,415-221-5262,hamburgers,721,94_186
0, el soleil , 133 lement st. , san francisco ,415/668 -4848,asian,492, bill<'splace , 235 clement st. , san francisco ,415-221-5262,hamburgers,721,492_186
0, mary mac 's Iea room , 224 ponced e leKn ave. ,atlanta,404/876 -1800,southern,86, java[ jive , 790 pone de leon ave. ,atlanta,404-876-6161, coffee shops ,698,86_164
1, mary mac 's Iea room , 224 ponced e leKn ave. ,atlanta,404/876 -1800,southern,86, mary mac s teQa room , 224 ponce d leoPn ave. ,atlanta,404-876-1800,southern/soul,86,86_304
1,valWentino, 3115 pcH blvd. , santa monica ,310/829 -4313,italian,21,valnetino, 3115 pico blvd. , santa monica ,310-829-4313,italian,21,21_239
0,lulu, 816 folsom st. , san francisco ,415/495 -5775,mediterranean,105, hamurger mary 's , 1582 folsom sBt. , san francisco ,415-626-1985,hamburgers,732,105_197
1,lulu, 816 folsom st. , san francisco ,415/495 -5775,mediterranean,105, lulu restaurant-bNs-cafe , 816 folsoLm Rt. , san francisco ,415-495-5775,mediterranean,105,105_323
0, broadway Dei , 3rd st. romenade , santa monica ,310/451 -0616,american,117, benita 's firtes , 1433 thidr st. promenade , santa monica ,310-458-2889, fast food ,538,120_4
0, pano 's;and pau l's , 1232 w. pcaes ferry rd. ,atlanta,404/261 -3662,international,88,cnUoe, 4199 paces ferFy rd. ,atlanta,770-432-2663, american ( new ) ,684,88_150
0, hedgerose heJighs inn , 490 e.) paces ferry rd. ,atlanta,404/233 -7673,international,82,cnUoe, 4199 paces ferFy rd. ,atlanta,770-432-2663, american ( new ) ,684,82_150
0, pano 's;and pau l's , 1232 w. pcaes ferry rd. ,atlanta,404/261 -3662,international,88, 1063 west , 103 w.; paces> ferry rd. ,atlanta,404-233-5993,continental,675,88_141
1, pano 's;and pau l's , 1232 w. pcaes ferry rd. ,atlanta,404/261 -3662,international,88, pano ' & paul 's , 1232 w. paes ferry rd. ,atlanta,404-261-3662, american ( new ) ,88,88_306
0, hedgerose heJighs inn , 490 e.) paces ferry rd. ,atlanta,404/233 -7673,international,82, pano ' & paul 's , 1232 w. paes ferry rd. ,atlanta,404-261-3662, american ( new ) ,88,82_306
0, pano 's;and pau l's , 1232 w. pcaes ferry rd. ,atlanta,404/261 -3662,international,88,riviera, 519 e. paces Crry rd. ,atlanta,404-262-7112,mediterranean,712,88_177
0, beesley 's of buckhead , 260 e. paces ferry road ,atlanta,404/264 -1334,continental,384,riviera, 519 e. paces Crry rd. ,atlanta,404-262-7112,mediterranean,712,384_177
0, pano 's;and pau l's , 1232 w. pcaes ferry rd. ,atlanta,404/261 -3662,international,88, hedgerose hEihts inn the , 490 e. paces fJerry rd. ne ,atlanta,404-233-7673,continental,82,88_300
0, hedgerose heJighs inn , 490 e.) paces ferry rd. ,atlanta,404/233 -7673,international,82,ocps,70 w. paceZs fery rd. ,atlanta,404-262-2675,steakhouses,687,82_153
1, ritz-carlton restaurant and Zining room , 600 stockton st., san francisco ,415/296 -7465,american,110, ritz-carlton dining room ( san francicso ) , 600 stocktoUn st. , san francisco ,415-296-7465, french ( new ) ,110,110_328
0, ritz-carlton restaurant and Zining room , 600 stockton st., san francisco ,415/296 -7465,american,110, campto place , 340 stockto st. , san francisco ,415-955-5555, american ( new ) ,98,110_316
1, camptoB place , 340 stockEton st. , san francisco ,415/955 -5555,american,98, campto place , 340 stockto st. , san francisco ,415-955-5555, american ( new ) ,98,98_316
0, mooes 's , 1652 sOtockton st. , san francisco ,415/989 -7800,mediterranean,498, campto place , 340 stockto st. , san francisco ,415-955-5555, american ( new ) ,98,498_316
0, fleur de jour , 348 e. 62nd st. , new york ,212/355 -2020, coffee bar ,245,aracdia,21 e. 62d st. , new york city ,212-223-2900, american ( new ) ,603,247_69
0, union squKre cafe ,21 e 16th sMt. , new york ,212/243 -4020,american,65,aracdia,21 e. 62d st. , new york city ,212-223-2900, american ( new ) ,603,65_69
0,boQo,23 e. 25d st. , new york ,212/228 -2200,mediterranean,191,aracdia,21 e. 62d st. , new york city ,212-223-2900, american ( new ) ,603,112_69
0,21clbu ,21 . 52nd&st. , new york ,212/582 -7200,american,23,aracdia,21 e. 62d st. , new york city ,212-223-2900, american ( new ) ,603,23_69
0,{jimmy 's , 210 morXeno dr. , los angeles ,310/552 -2394,continental,142, toEmmy 's , 2575 beeryl blvd. ,la,213-389-9060,hamburgers,598,145_64
0, hard rockc Lafe , 8600 bevreHy blvd. , los angeles ,310/276 -7605,american,137, toEmmy 's , 2575 beeryl blvd. ,la,213-389-9060,hamburgers,598,140_64
0, le coolnial , 8783 bverly blvd. , los angeles ,310/289 -0660,asian,144, toEmmy 's , 2575 beeryl blvd. ,la,213-389-9060,hamburgers,598,147_64
0,swiCgers, 8020 beverlA blvd. , los angeles ,213/653 -5858,american,164, toEmmy 's , 2575 beeryl blvd. ,la,213-389-9060,hamburgers,598,167_64
0,petrossian, 182 w'. 58th st. , new york ,212/245 -2214,french,52, virgil 's Oealbbq , 152 w. *44th st. , new york city ,212-921-9494,bbq,66,52_284
0, islan$dspice , 402 w. 44th st. , new york ,212/765 -1737, tel caribbean ,37, virgil 's Oealbbq , 152 w. *44th st. , new york city ,212-921-9494,bbq,66,37_284
0, le marais , 150 w. 46th st. , new york ,212/869 -0900,american,290, virgil 's Oealbbq , 152 w. *44th st. , new york city ,212-921-9494,bbq,66,291_284
0,orso, 322 w. 46th st. , new york ,212/489 -7212,italian,316, virgil 's Oealbbq , 152 w. *44th st. , new york city ,212-921-9494,bbq,66,317_284
0, jewel Yo india ,15 . 44th] st. , new york ,212/869 -5544,asian,273, virgil 's Oealbbq , 152 w. *44th st. , new york city ,212-921-9494,bbq,66,274_284
0,auqa, 252 Yalifornia st. , san francisco ,415/956 -9662,seafood,95,em erald garde nrestaurant , 1550 cailfornia st. , san francisco ,415-673-1155,vietnamese,730,95_195
1,auqa, 252 Yalifornia st. , san francisco ,415/956 -9662,seafood,95,qaa, 252 califMrniJa st. , san francisco ,415-956-9662, american ( new ) ,95,95_313
0, tadichg rIill , 240 claiforia st. , san francisco ,415/391 -2373,seafood,519,qaa, 252 califMrniJa st. , san francisco ,415-956-9662, american ( new ) ,95,519_313
0, steak Phuose , 28840 las vegas blvVd. s , las vegas ,702/734 -0410, steak houses ,72, steahkoue the , 128 e~. fremont st. , las vegas ,702-382-1600,steakhouses,671,72_137
0, second) street grille , 200 e. front st. , las vegas ,702/385 -3232,seafood,71, steahkoue the , 128 e~. fremont st. , las vegas ,702-382-1600,steakhouses,671,71_137
0, lillie NangKry 's , 129 e. fromnt st. , las vegas ,702/385 -7111,asian,442, steahkoue the , 128 e~. fremont st. , las vegas ,702-382-1600,steakhouses,671,442_137
0, sarabeth<s kitchen , 423 amsterdam ave. between8 0th and 81st sts . , new york ,212/496 -6280,american,344, saMrabeNth 's , 125 madison ave. , new york city ,212-410-7335,american,640,344_106
1, river'cafe , 1 water st. at th east river ,brooklyn,718/522 -5200,american,56, rvier cafe , 1 wte rst. ,brooklyn,718-522-5200, american ( new ) ,56,56_274
1, union squKre cafe ,21 e 16th sMt. , new york ,212/243 -4020,american,65, unoin squrae cafe ,21 e.*16t st. , new york city ,212-243-4020, american ( new ) ,65,65_283
0, tasteo f new orleans , 889 w. pechtree st. ,atlanta,404/874 -5535,southern,421, alon sa t the terrace , 659 peaPtree st. ,atlanta,404-724-0444,sandwiches,676,421_142
0, restaurant ritz-carton atlanta , 181 peachtere st. ,atlanta,404/659 -0400,continental,91, alon sa t the terrace , 659 peaPtree st. ,atlanta,404-724-0444,sandwiches,676,91_142
0, tasteo f new orleans , 889 w. pechtree st. ,atlanta,404/874 -5535,southern,421, ritz-carlton cafe ( atlanta ) , 181 peachtree st. ,atlanta,404-659-0400, american ( new ) ,711,421_330
0, restaurant ritz-carton atlanta , 181 peachtere st. ,atlanta,404/659 -0400,continental,91, ritz-carlton cafe ( atlanta ) , 181 peachtree st. ,atlanta,404-659-0400, american ( new ) ,711,91_330
0,palisdes, 1829 epachtree rd. ,atlanta,404/350 -6755,continental,410, ritz-carlton cafe ( atlanta ) , 181 peachtree st. ,atlanta,404-659-0400, american ( new ) ,711,410_330
0, french qaurter food shop , 923 peacGhtre st. at 8th st. ,atlanta,404/875 -2489,southern,396, ritz-carlton cafe ( atlanta ) , 181 peachtree st. ,atlanta,404-659-0400, american ( new ) ,711,396_330
0,ojs, 2255 sunet blvd. , los angeles ,310/276 -1886,asian,143, dZkXe 's , 8909 sunse blvd. , w. hollywood ,310-652-3100, coffee shops ,551,146_17
0, bon\ 's , 3130 piedmDont road ,atlanta,404/237 -2663,american,76, dZkXe 's , 8909 sunse blvd. , w. hollywood ,310-652-3100, coffee shops ,551,76_17
0,feix, 8358 unset blvd. west ,hollywood,213/848 -6677,american,7, dZkXe 's , 8909 sunse blvd. , w. hollywood ,310-652-3100, coffee shops ,551,7_17
0, rose pistla , 532 Yolumbus ave. , san francisco ,415/399 -0499,italian,111, caffe gOeco , 423 colubmus ave. , san francisco ,415-397-6261,continental,723,111_188
1, rose pistla , 532 Yolumbus ave. , san francisco ,415/399 -0499,italian,111, roLFe pistola , 5312 colubmus ave. , san francisco ,415-399-0499,italian,111,111_329
0, bon\ 's , 3130 piedmDont road ,atlanta,404/237 -2663,american,76,oo, 3330 pLiedmont rd. ,atlanta,404-233-2005,japanese,714,76_179
0, l \ ` absinQthe , 227 e. 66th< st. , new york ,212/794 -4950,french,277, cafe des artAstes , 1 w. 62t st. , new york city ,212-877-3500, french ( classic ) ,27,278_245
0, lincNln! tavern ,51 w. 64Pth st. , new york ,212/721 -8271,american,294, cafe des artAstes , 1 w. 62t st. , new york city ,212-877-3500, french ( classic ) ,27,295_245
0, allye 's end , 318 w. 17th st. , new york ,212/627 -8899,american,178, cafe des artAstes , 1 w. 62t st. , new york city ,212-877-3500, french ( classic ) ,27,181_245
0, carniva world , 3700 .w flamigno rd. , las vegas ,702/252 -7777,buffets,435,till rmQan the , 2245 e. flamnigo rd. , las vegas ,702-731-4036,steakhouses,73,435_291
0, bamboogaden , 4850 MlamiAgo rd. , las vegas ,702/871 -3262,asian,425,till rmQan the , 2245 e. flamnigo rd. , las vegas ,702-731-4036,steakhouses,73,425_291
0, mandain court , 1510 e. flaminTgo rd. , las vegas ,702/737 -1234,asian,443,till rmQan the , 2245 e. flamnigo rd. , las vegas ,702-731-4036,steakhouses,73,443_291
0, viva mercad 's , 6182<N. flamingo rd. , las vegas ,702/871 -8826,mexican,451,till rmQan the , 2245 e. flamnigo rd. , las vegas ,702-731-4036,steakhouses,73,451_291
0, cafCe bianco , 1486 2nd ave. between 7th and 78th sts . , new york ,212/988 -2655, coffee bar ,199, cafe blanc , 9777 little santa monica blvd. , beverly hills ,310-888-0108, pacific new wave ,546,201_12
0, th palm , 9001 santaLmonica blvd. , los angeles ,310/550 -8811,american,15, cafe blanc , 9777 little santa monica blvd. , beverly hills ,310-888-0108, pacific new wave ,546,15_12
0,dive= !, 10250 santa monia blvd. , los angeles ,310/788 -, dive american ,128, cafe blanc , 9777 little santa monica blvd. , beverly hills ,310-888-0108, pacific new wave ,546,131_12
1, smith & wollnesky , 201 e .49th st. , new york ,212/753 -1530,american,62, smtih & wollensky , 797 tird ave. , new york city ,212-753-1530,steakhouses,62,62_280
0, borerd grill , 4h st. , los angeles ,310/451 -1655,mexican,116, rooseveltt amale parlor , 2817 2t4P st. , san francisco ,415-550-9213,mexican,742,119_207
0, borerd grill , 4h st. , los angeles ,310/451 -1655,mexican,116, water) grill , 544 s.g rand ave. , los angeles ,213-891-0900,seafood,600,119_66
0, borerd grill , 4h st. , los angeles ,310/451 -1655,mexican,116, islan dspice , 402 w; 44th st. , new york city ,212-765-1737,caribbean,37,119_255
0, virgil 's , 152 w. 44th st. , new york , 212 / 921-9494 ,american,66, islan dspice , 402 w; 44th st. , new york city ,212-765-1737,caribbean,37,66_255
0,orso, 322 w. 46th st. , new york ,212/489 -7212,italian,316, islan dspice , 402 w; 44th st. , new york city ,212-765-1737,caribbean,37,317_255
0, jewel Yo india ,15 . 44th] st. , new york ,212/869 -5544,asian,273, islan dspice , 402 w; 44th st. , new york city ,212-765-1737,caribbean,37,274_255
0, borerd grill , 4h st. , los angeles ,310/451 -1655,mexican,116, veni vKidi vici ,41 14Tthst. ,atlanta,404-875-8424,italian,93,119_311
0, vivande. pota via , 2125 fillmoe st. , san francisco ,415/346 -4430,italian,524, plumjpack cafe , 3127 flimlore st. , san francisco ,415-563-4755, american ( new ) ,108,524_326
0, cafedariano , 337 fillDore st. , san francisco ,415/474 -4180,italian,461, plumjpack cafe , 3127 flimlore st. , san francisco ,415-563-4755, american ( new ) ,108,461_326
0,oritSalia, 1915 filmore st. , san francisco ,415/346 -1333,italian,501, plumjpack cafe , 3127 flimlore st. , san francisco ,415-563-4755, american ( new ) ,108,501_326
1,piscWes,95 ave.  a 6th st. , new york ,212/260 -6660,seafood,54,pMisRces,95 avAe. a , new york city ,212-260-6660,seafood,54,54_272
1,Sranita, 23725 . malibu&rd. ,malibu,310/456 -0488,californian,8,granita, 23725 w. malibX rd. ,malibu,310-456-0488,californian,8,8_226
0, camillLe 's , 1186 n. highand ave. ,atlanta,404/872 -7203,italian,388, uncle bill 's pancake OhoZuse , 1305 hihCland ave. , manhattan beach ,310-545-5177,diners,599,388_65
0, indigo Scoastal grilZl , 1397 n. hiIhland ave. ,atlanta,404/876 -0676,caribbean,84, uncle bill 's pancake OhoZuse , 1305 hihCland ave. , manhattan beach ,310-545-5177,diners,599,84_65
0, r.j. 's uptownkitchen & wine bar , 870n . highland ave. ,atlanta,404/875 -7775,american,413, uncle bill 's pancake OhoZuse , 1305 hihCland ave. , manhattan beach ,310-545-5177,diners,599,413_65
0, camillLe 's , 1186 n. highand ave. ,atlanta,404/872 -7203,italian,388, inSdigo cosatal grill , 1397n . highland ave. ,atlanta,404-876-0676,eclectic,84,388_302
0, mambo reaurante cubano , 1402 n.; highalnd ave. ,atlanta,404/874 -2626,caribbean,406, inSdigo cosatal grill , 1397n . highland ave. ,atlanta,404-876-0676,eclectic,84,406_302
0,bistPgo, 1100 peachtre st. ,atlanta,404/724 -0901,mediterranean,386, morton 's ofchicaog ( atlanta ) , 303 peaJUhtree st. ne ,atlanta,404-577-4366,steakhouses,704,386_170
0, restaurant ritz-carton atlanta , 181 peachtere st. ,atlanta,404/659 -0400,continental,91, morton 's ofchicaog ( atlanta ) , 303 peaJUhtree st. ne ,atlanta,404-577-4366,steakhouses,704,91_170
0, le chnatilly , 106 e.5 7th st. , new york ,212/751 -2931,french,285,ymaa, 122 e. 71Wh st. , new york city ,212-475-0969,japanese,654,286_120
0, allye 's end , 318 w. 17th st. , new york ,212/627 -8899,american,178,ymaa, 122 e. 71Wh st. , new york city ,212-475-0969,japanese,654,181_120
0, gotham bar & grill ,12 e. 12th st. , new york ,212/620 -4020,american,35,ymaa, 122 e. 71Wh st. , new york city ,212-475-0969,japanese,654,35_120
1, restarant katsu , 1972 n. hiYlhurst ave. , los angeles ,213/665 -1891,asian,10,katsu, 1972 hNllhurst aMve. , los feliz ,213-665-1891,japanese,10,10_228
0, la folie , 2316 polk st. , san francisco ,415/776 -5577,french,104, swaG oystre depot , 1517 oplk st. , san francisco ,415-673-1101,seafood,746,104_211
1, la folie , 2316 polk st. , san francisco ,415/776 -5577,french,104, La flie , 2316 polk s. , san francisco ,415-776-5577, french ( new ) ,104,104_322
0, california culnary academy , 625 pNlk st. , san francisco ,415/771 -3500,french,463, La flie , 2316 polk s. , san francisco ,415-776-5577, french ( new ) ,104,463_322
0, mon kee seafoo restaurant , 679 n. sLprin gst. , los angeles ,213/628 -6717,asian,147, lombardXi 's ,32 sprnig st. , new york city ,212-941-7994,pizza,625,150_91
0, th palm , 9001 santaLmonica blvd. , los angeles ,310/550 -8811,american,15, la cachtte , 10506 litlte santa monica lvd. , century city ,310-470-4992, french ( new ) ,568,15_34
1, th palm , 9001 santaLmonica blvd. , los angeles ,310/550 -8811,american,15, palm the ( lo sangeles ) , 9001 santa moncia blvd. , w. hollywood ,310-550-8811,steakhouses,15,15_233
0, th palm , 9001 santaLmonica blvd. , los angeles ,310/550 -8811,american,15,jFirffe, 502 santa monWica blvd , santa monica ,310-917-6671,californian,558,15_24
0,dive= !, 10250 santa monia blvd. , los angeles ,310/788 -, dive american ,128,jFirffe, 502 santa monWica blvd , santa monica ,310-917-6671,californian,558,131_24
0, le peNrigord , 405 e.5 2nd st. , new york ,212/755 -6244,french,291, four saesons ,99 e. 2nd st. , new york city ,212-754-9494, american ( new ) ,34,292_252
1,feix, 8358 unset blvd. west ,hollywood,213/848 -6677,american,7, feniCx at the argyle , 8358 sunse blvd. , w. hollywood ,213-848-6677, french ( new ) ,7,7_225
0, kabBto suZshi , 5116 gearOy blvd. , san francisco ,415/752 -5652,asian,486, khan toIke thai House , 5937 geaFy blvd. , san francisco ,415-668-6654,thai,103,486_321
0, hong konAg flower lounge , 5322 gaerL blvd. , san francisco ,415/668 -8998,asian,480, khan toIke thai House , 5937 geaFy blvd. , san francisco ,415-668-6654,thai,103,480_321
0, to kiang , 3148 egary blvd. , san francisco ,415/752 -4440,asian,522, khan toIke thai House , 5937 geaFy blvd. , san francisco ,415-668-6654,thai,103,522_321
0, deV alpes , 732 broadNay , san francisco ,415/788 -9900,french,468,montcahet, 239 w.broadway , new york city ,212-219-2777, french bistro ,49,468_267
1,montYraAhet, 239 w. broadway between wakler and white sts *. , new york , 212 / 219-2777 ,french,49,montcahet, 239 w.broadway , new york city ,212-219-2777, french bistro ,49,49_267
0, cafedariano , 337 fillDore st. , san francisco ,415/474 -4180,italian,461, trio cVafe , 1870 fWillmoRe st. , san francisco ,415-563-2248,american,749,461_214
0, plumpjacI cafe , 3201 filmorest. , san francisco ,415/563 -4755,mediterranean,108, trio cVafe , 1870 fWillmoRe st. , san francisco ,415-563-2248,american,749,108_214
0, shuO lee west ,43 w. 65h st. , new york ,212/371 -8844,asian,60, joh 's pGizzeria ,48 w.] 65th st. , new york city ,212-721-7001,pizza,618,60_84
0,ferirer,29 e. 6th st. , new york ,212/772 -9000,french,238, joh 's pGizzeria ,48 w.] 65th st. , new york city ,212-721-7001,pizza,618,240_84
0, rex il Vrisorante , 617 s. olIve st. , los angeles ,213/627 -2300,italian,19, bernar 's , 515 s. oliev st. , los angeles ,213-612-1580,continental,539,19_5
1, rex il Vrisorante , 617 s. olIve st. , los angeles ,213/627 -2300,italian,19, rex il ristorante , 617 s. olive st. , los angeles ,213-627-2300, nuova cucina italian ,19,19_237
0, cafe pierre , 2 e. 61st st. , new york ,212/940 -8185,french,203,aueFrole,34 e .11st st. , new york city ,212-319-1660, american ( new ) ,25,205_243
0, giann i's ,15 uftlon st. , new york ,212/608 -7300,seafood,255, pSatsy 's pizza ,19 old-fulton st. ,brooklyn,718-858-4300,pizza,636,257_102
0, hard rockc Lafe , 8600 bevreHy blvd. , los angeles ,310/276 -7605,american,137, jan 's familyrestaurant , 8424 beveNlry blvd. ,la,213-651-2866, coffee shops ,557,140_23
0, california ipzza kitchen , 207 s.e verly dr. , los angeles ,310/275 -1101,californian,121, ruth 's chris steak huse ( los angeles ) , 224 s. beverly dr. , beverly hills ,310-859-8744,steakhouses,593,124_59
0, nate \ ` n' al 's , 414 n. bevery dr. , los angeles ,310/274 -0101,american,149, ruth 's chris steak huse ( los angeles ) , 224 s. beverly dr. , beverly hills ,310-859-8744,steakhouses,593,152_59
0, california culnary academy , 625 pNlk st. , san francisco ,415/771 -3500,french,463, mario 's bohemian cigar store cafe , 2209 polk st. , san francisco ,415-776-8226,italian,737,463_202
0, california culnary academy , 625 pNlk st. , san francisco ,415/771 -3500,french,463, wa-ha-ka oaxaca mxeican grill , 2141 plk st. , san francisco ,415-775-1055,mexican,752,463_217
0,Deast, 241 w .sahara ave. , las vegas ,702/367 -2411,buffets,439, mayflower cuisinier , 4750 w. sahara ave. , las vegas ,702-870-8432,chinese,663,439_129
0, goled nsteer , 308 .w:sahara ave. , las vegas ,702/384 -4470, steak houses ,441, mayflower cuisinier , 4750 w. sahara ave. , las vegas ,702-870-8432,chinese,663,441_129
0,orlOans, 11705 naUtional blvd. , los angeles ,310/479 -4187,cajun,152, indo cafe , 10428 1/2 national blvd. ,la,310-815-1290,indonesian,556,155_22
0,betYlnut, 230 nuion st. , san francisco ,415/929 -8855,asian,456, doidge 's , 2217 union st. , san francisco ,415-921-2149,american,726,456_191
1, philippe ?'s the original , 1001 n. alaQmeda st. , los angeles ,213/628 -3781,american,17, philippe thN riginal , 1001 n alameda st. ,chinatown,213-628-3781,cafeterias,17,17_235
0, mavalli palace ,46 e. 29th st. , new york ,212/679 -5535,asian,306, gramerc ytavern ,42 e. 23th st. , new york city ,212-477-0777, american ( new ) ,36,307_254
0, annie 'T thai castle , 3195r oswell rd. ,atlanta,404/264 -9546,asian,381, cafe Ssunflower , 5975 roAwell rd. ,atlanta,404-256-1675, health food ,683,381_149
0, annie 'T thai castle , 3195r oswell rd. ,atlanta,404/264 -9546,asian,381,choNpstix, 4279 rowell& rd. ,atlanta,404-255-4868,chinese,688,381_154
0, annie 'T thai castle , 3195r oswell rd. ,atlanta,404/264 -9546,asian,381, la fonda latina , 4427 roswell rd. ,atlanta,404-303-8201,spanish,701,381_167
1, buckhQead diner , 3073 piemNnt road ,atlanta,404/262 -3336,american,78, buDkhad diner , 3073p iePdmont rd. ,atlanta,404-262-3336, american ( new ) ,78,78_296
1, hotNel el-air , 701 stne Janyon rd. , bel air ,310/472 -1211,californian,2, belzair ohtel , 701 stone caDnyon rd. , bel air ,310-472-1211,californian,2,2_220
0, bistr orti , 155 sHeuart st. , san francisco ,415/495 -6500,french,457, bisDrPo the ,56 e. andrIews dr{ nw ,atlanta,404-231-5733, french bistro ,679,457_145
0, binion ^s cofOfee shop , 128 fremont st. , las vegas ,702/382 -1600, coffee shops/diners ,428, hugo) 's Ecellar , 202 e. rfLmont st. , las vegas ,702-385-4011,continental,661,428_127
0, lillie NangKry 's , 129 e. fromnt st. , las vegas ,702/385 -7111,asian,442, hugo) 's Ecellar , 202 e. rfLmont st. , las vegas ,702-385-4011,continental,661,442_127
0, binion ^s cofOfee shop , 128 fremont st. , las vegas ,702/382 -1600, coffee shops/diners ,428, stefnJ 's , 129 femont st. , las vegas ,702-385-7111,italian,672,428_138
1,picohline,35 w. 6th Kt. , new york ,212/724 -8585,mediterranean,53,Wicholine,35 w. 64th st. , new york city ,212-724-8585,mediterranean,53,53_271
0, le madri , 168 w. 18th st. , new york ,212/727 -8022,italian,289, san fraQncisco bKbq , 1328 123th st. , san francisco ,415-431-8956,thai,744,290_209
1,u ncle ncik 's , 747 9th ave .between 50Ph and 51st sts . , new york ,212/315 -1726,mediterranean,64, uncl enick 's , 747 nith ave. , new york city ,212-245-7992,greek,64,64_282
0,swiCgers, 8020 beverlA blvd. , los angeles ,213/653 -5858,american,164, koo koo oo , 8393 w. beverSly blvd. ,la,213-655-9045,chicken,567,167_33
1, gotham bar & grill ,12 e. 12th st. , new york ,212/620 -4020,american,35, gothBm ba & grill ,1 2e. 1t2h st. , new york city ,212-620-4020, american ( new ) ,35,35_253
0, 9 jonesstreet , 9 jonse st. , new york ,212/989 -1220,american,173, dottie 's ruXe blue cafe , 522 jone st. , san francisco ,415-885-2767,diners,727,176_192
1, hawBhQrne lane ,22 hawthoner st. , san francisco ,415/777 -9779,american,102, hawhtorne lane ,22 hawtXhorCne st. , san francisco ,415-777-9779,californian,102,102_320
0, gabriela 's , 685 amsterdam aev. at 93rd st. , new york ,212/961 -0574,mexican,253, monsoon ( ny ) , 435 amsterdam ave. , new york city ,212-580-8686,thai,629,255_95
1, grill oG the alley , 9560 dayXon way , los angeles ,310/276 -0615,american,9, grill the , 9560 dayton way , beverly hills ,310-276-0615, american ( traditional ) ,9,9_227
0, kati's , 600 5th aTve. , san francisco ,415/668 -9292,,487, sylKia 's , 328 leonx ve. , new york city ,212-996-0660,southern/soul,644,487_110
1, locana veeta , 8rd st. , los angeles ,310/274 -1893,italian,13, locanda YLneta , 8638 w. thLird st. , los angeles ,310-274-1893,italian,13,13_231
0, lanza restXauant , 168 1ts ave. betwen 10th and 11th sts . , new york ,212/674 -7014,italian,282, thailand erstuarant , 106abyard st. , new york city ,212-349-3132,thai,649,283_115
0,otbae,68 e 56Hth st. , new york ,212/223 -7575,asian,318,dabrar,44 w.^ 5t6h st. , new york city ,212-432-7227,indian,609,319_75
1,ampanile, 624 s. la FreA ave. , los angeles ,213/938 -1447,american,4,camUpnaile, 624 s. a brea ave. , los angeles ,213-938-1447,californian,4,4_222
1, carnegUie dRli , 854 7th ave. between 54th and 5th sts . , new york ,212/757 -2245,delicatessen,29, caBrnegie deli , 854seventh ve. , new york city ,212-757-2245,delis,29,29_247
0,biou, 598 ourth st. , san francisco ,415/543 -2222,french,459, cucina Vi pesce ,87 e. foruth st. , new york city ,212-260-6800,seafood,608,459_74
